1,1,0.001996812
2,1,1.66E-05
3,1,0.951790781
4,1,2.64E-04
5,1,7.73E-07
6,1,3.09E-05
7,1,2.34E-06
8,1,2.40E-05
9,1,4.30E-06
10,1,4.30E-06
11,1,2.89E-06
12,1,9.02E-06
13,1,1.87E-05
14,1,0.020456468
15,1,8.49E-07
16,1,9.60E-06
17,1,0.628165935
18,1,9.93E-05
19,1,-0.013952456
20,1,1.89E-05
21,1,7.43E-07
22,1,2.83E-05
23,1,4.79E-06
24,1,4.24E-05
25,1,0.003857252
26,1,0.007018973
27,1,-5.61E-05
28,1,0.02502125
29,1,2.03E-06
30,1,1.64E-05
31,1,2.16E-06
32,1,0.074507862
33,1,1.34E-05
34,1,3.79E-05
35,1,-1.92E-07
36,1,1.82E-05
37,1,-2.25E-06
38,1,0.006677042
39,1,2.73E-05
40,1,0.007691227
41,1,5.22E-05
42,1,8.63E-05
43,1,1.10E-06
44,1,9.79E-06
45,1,-4.17E-07
46,1,2.30E-04
47,1,4.47E-06
48,1,0.01936765
49,1,2.77E-05
50,1,2.55E-04
51,1,4.50E-07
52,1,0.005620701
53,1,-1.44E-05
54,1,0.643878073
55,1,7.71E-06
56,1,3.83E-04
57,1,4.54E-05
58,1,1.01E-05
59,1,3.42E-05
60,1,0.002244688
61,1,2.42E-06
62,1,2.10E-05
63,1,-9.16E-07
64,1,5.38E-05
65,1,4.55E-05
66,1,0.037191453
67,1,4.20E-07
68,1,0.009023877
69,1,5.36E-06
70,1,1.27E-05
71,1,-0.001015215
72,1,0.002904872
73,1,1.67E-04
74,1,9.46E-06
75,1,1.05E-06
76,1,0.024568185
77,1,-2.85E-07
78,1,3.24E-04
79,1,9.26E-07
80,1,0.020895057
81,1,1.20E-05
82,1,5.24E-05
83,1,7.28E-07
84,1,2.78E-05
85,1,6.55E-06
86,1,1.38E-04
87,1,1.60E-06
88,1,0.011680232
89,1,4.17E-05
90,1,0.055454894
91,1,7.55E-06
92,1,0.009197048
93,1,0.003284289
94,1,0.018672138
95,1,1.60E-06
96,1,0.009039608
97,1,1.84E-05
98,1,0.023108136
99,1,1.58E-06
100,1,0.068554061
101,1,1.13E-05
102,1,8.11E-05
103,1,-2.76E-06
104,1,2.41E-04
105,1,5.76E-05
106,1,0.001679921
107,1,0.050700014
108,1,0.075209419
109,1,7.49E-07
110,1,2.18E-05
111,1,1.14E-05
112,1,0.038139713
113,1,0.006739464
114,1,3.25E-05
115,1,2.00E-06
116,1,1.26E-05
117,1,8.58E-06
118,1,0.014401719
119,1,-2.01E-07
120,1,1.60E-05
121,1,4.32E-05
122,1,1.16E-05
123,1,3.07E-05
124,1,1.14E-05
125,1,1.20E-04
126,1,0.070186855
127,1,2.07E-06
128,1,0.01915798
129,1,0.002521086
130,1,0.013813621
131,1,0.029713572
132,1,2.51E-05
133,1,7.52E-06
134,1,5.16E-04
135,1,2.62E-06
136,1,1.41E-05
137,1,0.007895764
138,1,4.25E-05
139,1,1.38E-06
140,1,1.54E-05
141,1,-7.27E-07
142,1,1.97E-05
143,1,8.73E-05
144,1,0.004717237
145,1,0.042356874
146,1,0.001149394
147,1,-1.47E-06
148,1,0.028627404
149,1,1.19E-05
150,1,0.009153965
151,1,-4.41E-07
152,1,0.03499131
153,1,0.00429863
154,1,0.002961931
155,1,-4.52E-07
156,1,8.58E-06
157,1,0.741888499
158,1,0.14561096
159,1,5.35E-05
160,1,1.13E-05
161,1,9.99E-06
162,1,0.002929534
163,1,-4.20E-07
164,1,0.003881642
165,1,9.25E-05
166,1,0.008683874
167,1,2.65E-04
168,1,0.009810152
169,1,3.35E-06
170,1,2.65E-04
171,1,7.30E-05
172,1,1.30E-05
173,1,1.72E-06
174,1,3.03E-04
175,1,-2.10E-06
176,1,8.52E-05
177,1,2.16E-05
178,1,2.65E-04
179,1,2.029980197
180,1,0.056484356
181,1,1.00E-05
182,1,4.04E-04
183,1,0.091048726
184,1,0.911981084
185,1,3.09E-05
186,1,1.73E-05
187,1,-4.21E-04
188,1,1.03E-04
189,1,2.88E-07
190,1,8.77E-05
191,1,3.56E-06
192,1,7.24E-04
193,1,3.35E-06
194,1,1.69E-05
1,2,1.42E-05
2,2,2.58E-05
3,2,-7.23E-07
4,2,0.830880333
5,2,-2.65E-06
6,2,3.21E-05
7,2,1.63E-06
8,2,2.37E-05
9,2,4.91E-06
10,2,4.91E-06
11,2,1.42E-07
12,2,0.958512879
13,2,4.25E-06
14,2,2.89E-05
15,2,3.99E-06
16,2,1.13E-05
17,2,1.11E-05
18,2,2.25E-04
19,2,6.02E-04
20,2,1.55E-05
21,2,-7.54E-07
22,2,0.10785935
23,2,2.26E-06
24,2,3.29E-05
25,2,0.838909184
26,2,1.79E-05
27,2,5.87E-06
28,2,1.89E-04
29,2,0.999898417
30,2,1.05E-05
31,2,1.47E-06
32,2,0.006475829
33,2,0.00647724
34,2,1.15E-05
35,2,-1.64E-06
36,2,1.63E-05
37,2,-3.20E-06
38,2,3.32E-05
39,2,3.05E-06
40,2,8.98E-05
41,2,2.75E-05
42,2,1.93E-05
43,2,0.999946443
44,2,0.004218106
45,2,0.960171638
46,2,0.005728967
47,2,7.64E-06
48,2,2.74E-05
49,2,2.39E-05
50,2,1.54E-05
51,2,1.31E-06
52,2,3.31E-05
53,2,6.37E-06
54,2,3.04E-05
55,2,2.04E-07
56,2,3.44E-05
57,2,1.84E-05
58,2,0.001289165
59,2,7.74E-07
60,2,0.002285858
61,2,4.17E-06
62,2,8.14E-05
63,2,-1.15E-06
64,2,0.001900211
65,2,0.014572835
66,2,0.006219177
67,2,-8.05E-09
68,2,1.30E-05
69,2,2.37E-06
70,2,0.003501773
71,2,4.43E-06
72,2,0.006588542
73,2,1.37E-05
74,2,8.51E-06
75,2,3.08E-05
76,2,9.88E-06
77,2,7.48E-07
78,2,0.008776004
79,2,8.20E-06
80,2,3.00E-05
81,2,0.483867835
82,2,2.39E-05
83,2,1.47E-06
84,2,9.64E-05
85,2,6.15E-06
86,2,4.61E-04
87,2,-2.17E-07
88,2,1.79E-04
89,2,7.73E-06
90,2,5.70E-05
91,2,1.65E-06
92,2,6.96E-05
93,2,0.220290465
94,2,5.51E-05
95,2,5.12E-04
96,2,1.71E-05
97,2,1.09E-05
98,2,0.001761356
99,2,5.05E-06
100,2,0.003423816
101,2,0.004485743
102,2,1.92E-05
103,2,-8.41E-07
104,2,1.98E-05
105,2,9.74E-06
106,2,3.67E-05
107,2,1.48E-05
108,2,2.22E-05
109,2,-1.96E-06
110,2,2.75E-05
111,2,2.93E-05
112,2,1.11E-05
113,2,3.96E-05
114,2,2.71E-05
115,2,3.23E-06
116,2,0.015166506
117,2,0.028914712
118,2,0.013312153
119,2,1.41E-06
120,2,0.006203633
121,2,0.015829332
122,2,6.35E-06
123,2,3.54E-05
124,2,2.93E-05
125,2,1.05E-05
126,2,2.15E-04
127,2,7.51E-06
128,2,1.76E-05
129,2,8.47E-06
130,2,8.83E-06
131,2,5.97E-06
132,2,1.64E-05
133,2,-7.04E-08
134,2,7.59E-06
135,2,4.37E-06
136,2,1.10E-04
137,2,0.01137192
138,2,3.02E-05
139,2,-6.31E-07
140,2,6.51E-06
141,2,-3.50E-07
142,2,4.60E-04
143,2,1.38E-05
144,2,0.029897609
145,2,1.01E-05
146,2,8.33E-06
147,2,8.93E-07
148,2,0.001922219
149,2,5.58E-05
150,2,2.04E-05
151,2,1.58E-06
152,2,5.41E-05
153,2,0.006306108
154,2,6.99E-05
155,2,3.06E-06
156,2,6.88E-06
157,2,8.23E-06
158,2,3.22E-05
159,2,0.018305415
160,2,2.75E-05
161,2,1.44E-05
162,2,2.26E-05
163,2,-6.60E-07
164,2,2.43E-05
165,2,7.32E-06
166,2,5.12E-04
167,2,5.44E-05
168,2,1.28E-04
169,2,6.60E-06
170,2,0.016861071
171,2,3.03E-06
172,2,0.004437681
173,2,3.05E-06
174,2,7.86E-06
175,2,-1.64E-06
176,2,1.06E-05
177,2,2.12E-05
178,2,5.44E-05
179,2,1.18E-04
180,2,0.004903408
181,2,-2.16E-06
182,2,1.12E-05
183,2,7.45E-06
184,2,0.002697359
185,2,1.17E-05
186,2,1.96E-05
187,2,-4.23E-04
188,2,0.012440075
189,2,2.06E-04
190,2,0.002194884
191,2,3.66E-07
192,2,5.17E-05
193,2,6.60E-06
194,2,0.003974253
1,3,0.005561152
2,3,0.028175499
3,3,1.01E-05
4,3,0.010768131
5,3,1.39E-06
6,3,0.004714698
7,3,4.53E-06
8,3,0.019785919
9,3,5.10E-06
10,3,5.10E-06
11,3,1.01E-05
12,3,2.30E-05
13,3,3.88E-06
14,3,2.88E-05
15,3,-1.98E-08
16,3,1.30E-05
17,3,1.19E-05
18,3,0.00840328
19,3,-0.028761639
20,3,0.007555294
21,3,4.69E-05
22,3,1.25E-04
23,3,2.33E-06
24,3,6.48E-05
25,3,0.005637022
26,3,1.27E-05
27,3,3.33E-06
28,3,1.05E-04
29,3,5.08E-07
30,3,0.001627183
31,3,2.76E-06
32,3,0.011071022
33,3,2.76E-05
34,3,1.29E-05
35,3,-8.83E-08
36,3,3.04E-05
37,3,4.11E-06
38,3,0.003526517
39,3,3.35E-05
40,3,0.01773171
41,3,0.021122158
42,3,1.87E-05
43,3,1.43E-06
44,3,1.40E-05
45,3,1.12E-06
46,3,0.017423848
47,3,1.66E-05
48,3,0.005405134
49,3,0.001669219
50,3,0.009239643
51,3,-4.81E-08
52,3,0.764210096
53,3,1.38E-06
54,3,0.036533182
55,3,6.05E-07
56,3,3.91E-05
57,3,7.54E-05
58,3,2.91E-05
59,3,9.63E-07
60,3,9.43E-04
61,3,1.84E-06
62,3,2.40E-05
63,3,-1.03E-06
64,3,0.657969584
65,3,0.001126678
66,3,2.01E-04
67,3,-1.42E-07
68,3,2.74E-05
69,3,2.27E-06
70,3,1.42E-04
71,3,1.51E-05
72,3,4.90E-05
73,3,2.47E-05
74,3,0.00246214
75,3,-8.11E-04
76,3,0.024520257
77,3,-6.86E-07
78,3,2.85E-05
79,3,8.43E-05
80,3,1.69E-05
81,3,0.001187656
82,3,2.85E-04
83,3,2.31E-07
84,3,4.36E-04
85,3,0.688821794
86,3,6.91E-04
87,3,4.82E-06
88,3,0.486444344
89,3,1.60E-04
90,3,1.57E-05
91,3,2.00E-06
92,3,1.12E-04
93,3,5.98E-05
94,3,9.57E-05
95,3,1.89E-07
96,3,6.78E-06
97,3,1.18E-05
98,3,0.001181836
99,3,4.60E-06
100,3,7.74E-05
101,3,3.24E-05
102,3,4.27E-05
103,3,-2.61E-06
104,3,2.69E-05
105,3,7.35E-06
106,3,0.006365357
107,3,-3.93E-06
108,3,2.70E-04
109,3,-1.07E-04
110,3,8.11E-04
111,3,7.90E-06
112,3,1.29E-05
113,3,5.33E-05
114,3,0.008230021
115,3,1.47E-06
116,3,6.25E-05
117,3,1.85E-06
118,3,6.74E-05
119,3,-1.06E-07
120,3,0.002560554
121,3,0.011327675
122,3,9.56E-06
123,3,-3.44E-07
124,3,7.90E-06
125,3,2.27E-06
126,3,0.885704833
127,3,0.004377681
128,3,0.003195422
129,3,0.00132755
130,3,5.79E-05
131,3,2.28E-06
132,3,0.00262303
133,3,1.65E-06
134,3,5.60E-06
135,3,-4.40E-08
136,3,1.03E-05
137,3,4.50E-05
138,3,1.81E-04
139,3,1.76E-06
140,3,0.004689712
141,3,1.11E-04
142,3,0.001309451
143,3,8.13E-06
144,3,2.88E-04
145,3,1.64E-05
146,3,0.001315801
147,3,-1.83E-06
148,3,0.004529013
149,3,7.92E-05
150,3,6.03E-05
151,3,3.62E-06
152,3,0.005996512
153,3,3.14E-05
154,3,0.005221788
155,3,-2.33E-07
156,3,6.95E-06
157,3,4.17E-06
158,3,0.046562214
159,3,2.40E-06
160,3,8.86E-06
161,3,0.001691839
162,3,8.78E-05
163,3,4.20E-06
164,3,0.011147965
165,3,1.673338497
166,3,1.73E-05
167,3,0.005110061
168,3,3.86E-05
169,3,2.69E-06
170,3,4.68E-05
171,3,4.41E-06
172,3,3.01E-05
173,3,1.28E-05
174,3,0.006615733
175,3,-1.25E-06
176,3,0.001027264
177,3,2.85E-04
178,3,0.005110061
179,3,-1.47E-05
180,3,0.033107362
181,3,6.21E-05
182,3,0.003242557
183,3,1.90E-05
184,3,6.83E-05
185,3,3.52E-05
186,3,0.030162982
187,3,2.44E-06
188,3,0.016181705
189,3,1.51E-07
190,3,0.002426833
191,3,-6.21E-08
192,3,5.16E-05
193,3,2.69E-06
194,3,0.009785893
1,4,8.84E-04
2,4,0.015261703
3,4,-0.011585515
4,4,3.72E-05
5,4,-5.97E-06
6,4,6.37E-05
7,4,3.41E-06
8,4,2.54E-04
9,4,6.57E-06
10,4,6.57E-06
11,4,3.47E-06
12,4,7.76E-05
13,4,5.90E-06
14,4,0.005055883
15,4,6.37E-06
16,4,8.76E-06
17,4,0.0244348
18,4,0.071538744
19,4,0.025850141
20,4,0.006059751
21,4,2.41E-06
22,4,0.013018516
23,4,1.32E-05
24,4,1.72E-05
25,4,0.025588912
26,4,0.038464521
27,4,0.041317456
28,4,0.004236416
29,4,2.49E-06
30,4,0.061907721
31,4,-1.45E-06
32,4,6.06E-06
33,4,0.009370228
34,4,0.006032896
35,4,6.38E-08
36,4,0.008912667
37,4,6.06E-06
38,4,4.87E-05
39,4,9.94E-05
40,4,0.024547949
41,4,0.022918054
42,4,0.003015694
43,4,1.64E-06
44,4,0.888288682
45,4,3.40E-06
46,4,4.02E-04
47,4,1.89E-05
48,4,8.84E-05
49,4,0.010437272
50,4,6.67E-05
51,4,2.79E-06
52,4,0.014536245
53,4,2.53E-05
54,4,0.047723874
55,4,1.34E-06
56,4,0.661235112
57,4,0.002182966
58,4,1.12E-05
59,4,2.02E-06
60,4,0.363366536
61,4,0.00312779
62,4,0.03984087
63,4,-8.69E-07
64,4,4.32E-05
65,4,0.014881505
66,4,3.13E-05
67,4,-1.36E-06
68,4,1.89E-05
69,4,0.172047075
70,4,0.016015042
71,4,1.84E-05
72,4,0.359111194
73,4,0.704664124
74,4,0.963469287
75,4,-2.84E-07
76,4,0.004246515
77,4,1.38E-06
78,4,0.599390808
79,4,8.57E-06
80,4,0.012044956
81,4,1.31E-04
82,4,0.015873456
83,4,-3.43E-07
84,4,2.06E-05
85,4,2.72E-06
86,4,0.384083531
87,4,1.14E-06
88,4,9.15E-05
89,4,0.017792569
90,4,0.026640429
91,4,9.39E-06
92,4,0.288711133
93,4,0.024907693
94,4,0.097003143
95,4,0.024063274
96,4,0.738753251
97,4,2.50E-05
98,4,0.151066983
99,4,0.004417899
100,4,0.240449088
101,4,0.202268341
102,4,0.0246522
103,4,1.014146049
104,4,0.01415486
105,4,1.25E-05
106,4,4.27E-05
107,4,0.170213456
108,4,3.44E-05
109,4,4.58E-07
110,4,9.90E-04
111,4,0.002391887
112,4,6.67E-04
113,4,1.94E-05
114,4,0.018543124
115,4,-2.16E-07
116,4,2.31E-05
117,4,7.06E-06
118,4,9.18E-05
119,4,-1.79E-06
120,4,0.024505932
121,4,1.59E-05
122,4,1.52E-05
123,4,1.10E-05
124,4,0.002391887
125,4,1.96E-06
126,4,6.89E-04
127,4,0.006026891
128,4,0.00611827
129,4,0.233057927
130,4,2.28E-05
131,4,9.83E-05
132,4,2.54E-05
133,4,0.001596324
134,4,7.29E-05
135,4,4.20E-06
136,4,0.013499128
137,4,7.92E-05
138,4,0.03935559
139,4,1.08E-06
140,4,2.15E-05
141,4,3.43E-06
142,4,5.88E-05
143,4,1.84E-04
144,4,0.039614378
145,4,5.81E-05
146,4,0.030110746
147,4,-3.54E-07
148,4,0.012569922
149,4,8.55E-05
150,4,1.30E-04
151,4,5.17E-06
152,4,1.36E-05
153,4,0.007724708
154,4,0.046656422
155,4,1.50E-06
156,4,2.46E-04
157,4,3.06E-06
158,4,1.61E-05
159,4,3.73E-05
160,4,0.004198551
161,4,0.014716226
162,4,4.55E-05
163,4,-6.48E-07
164,4,1.53E-04
165,4,-9.32E-04
166,4,0.004280544
167,4,0.008571948
168,4,0.006455748
169,4,7.65E-06
170,4,0.014064741
171,4,0.010171388
172,4,0.048709983
173,4,1.34E-05
174,4,0.032221153
175,4,-9.01E-07
176,4,2.19E-05
177,4,0.096957156
178,4,0.008571948
179,4,0.003020898
180,4,0.002107047
181,4,-0.062875798
182,4,0.008145093
183,4,0.026043374
184,4,3.44E-05
185,4,3.08E-04
186,4,0.018658385
187,4,-1.82E-06
188,4,0.004652192
189,4,6.74E-07
190,4,0.005588696
191,4,5.17E-06
192,4,5.87E-04
193,4,7.65E-06
194,4,0.004539923
1,5,7.96E-05
2,5,5.16E-05
3,5,-6.82E-06
4,5,7.32E-05
5,5,-2.69E-06
6,5,0.015542557
7,5,5.26E-06
8,5,2.40E-05
9,5,5.49E-06
10,5,5.49E-06
11,5,2.93E-06
12,5,0.006060023
13,5,3.62E-06
14,5,0.005873724
15,5,1.52E-05
16,5,2.33E-05
17,5,8.46E-05
18,5,0.001574189
19,5,3.26E-04
20,5,0.005338861
21,5,-7.21E-07
22,5,0.008107212
23,5,1.48E-05
24,5,1.59E-05
25,5,4.79E-04
26,5,3.99E-05
27,5,5.47E-05
28,5,1.59E-05
29,5,2.25E-06
30,5,2.77E-05
31,5,1.64E-06
32,5,1.41E-05
33,5,0.002126986
34,5,7.82E-05
35,5,-2.96E-06
36,5,1.52E-05
37,5,5.82E-06
38,5,0.016168087
39,5,7.83E-05
40,5,5.19E-05
41,5,0.003981313
42,5,0.013552248
43,5,1.51E-06
44,5,1.00E-04
45,5,3.00E-06
46,5,0.020191968
47,5,4.11E-04
48,5,0.086387019
49,5,0.011232274
50,5,9.70E-04
51,5,0.999965838
52,5,5.99E-05
53,5,8.85E-06
54,5,0.012348466
55,5,8.81E-06
56,5,0.001707572
57,5,1.42E-04
58,5,9.69E-05
59,5,6.10E-06
60,5,0.052839688
61,5,2.21E-05
62,5,4.20E-05
63,5,-1.18E-06
64,5,4.21E-04
65,5,1.03E-04
66,5,4.05E-04
67,5,0.002537262
68,5,0.459402355
69,5,1.66E-06
70,5,0.014836168
71,5,0.814137041
72,5,2.85E-05
73,5,0.012993054
74,5,0.016212139
75,5,-0.071099658
76,5,2.20E-05
77,5,0.999996624
78,5,2.65E-05
79,5,0.325467688
80,5,2.45E-05
81,5,2.03E-05
82,5,2.49E-05
83,5,4.49E-08
84,5,1.92E-05
85,5,8.16E-06
86,5,3.22E-04
87,5,1.68E-06
88,5,3.15E-04
89,5,0.021379018
90,5,0.015209586
91,5,1.05E-05
92,5,5.49E-05
93,5,-5.23E-05
94,5,0.536557745
95,5,2.31E-06
96,5,9.85E-05
97,5,0.017783866
98,5,5.51E-05
99,5,6.68E-06
100,5,0.07821881
101,5,0.030715188
102,5,1.28E-04
103,5,0.005661109
104,5,0.032488393
105,5,3.44E-05
106,5,0.144505999
107,5,6.70E-05
108,5,1.28E-04
109,5,-1.24E-06
110,5,1.69E-05
111,5,1.61E-05
112,5,1.77E-05
113,5,0.005827298
114,5,0.007906833
115,5,2.37E-06
116,5,1.93E-05
117,5,5.62E-06
118,5,3.43E-05
119,5,0.008127132
120,5,0.007534801
121,5,4.56E-05
122,5,1.20E-05
123,5,2.32E-06
124,5,1.61E-05
125,5,6.10E-06
126,5,1.98E-04
127,5,1.18E-06
128,5,0.004649219
129,5,0.023652346
130,5,1.44E-05
131,5,2.34E-05
132,5,0.002887192
133,5,3.97E-06
134,5,0.998238637
135,5,1.57E-06
136,5,0.012709899
137,5,2.29E-05
138,5,0.059510427
139,5,-1.10E-06
140,5,0.028371221
141,5,4.14E-06
142,5,1.17E-05
143,5,1.58E-04
144,5,0.002343118
145,5,3.72E-05
146,5,0.036095527
147,5,6.59E-07
148,5,3.07E-04
149,5,-0.014185073
150,5,3.64E-04
151,5,0.025810765
152,5,0.018766193
153,5,1.85E-05
154,5,0.006590225
155,5,3.43E-06
156,5,0.98694005
157,5,2.20E-06
158,5,0.001008375
159,5,2.24E-05
160,5,8.68E-06
161,5,5.09E-05
162,5,0.012673087
163,5,1.19E-08
164,5,4.62E-05
165,5,-4.10E-05
166,5,2.47E-05
167,5,0.005659107
168,5,0.002175564
169,5,5.93E-06
170,5,2.49E-04
171,5,-2.56E-05
172,5,7.70E-05
173,5,3.30E-05
174,5,3.66E-05
175,5,-1.67E-06
176,5,1.77E-05
177,5,0.00258953
178,5,0.005659107
179,5,6.38E-05
180,5,1.31E-04
181,5,9.38E-06
182,5,0.003734207
183,5,1.68E-05
184,5,8.41E-05
185,5,9.32E-05
186,5,9.24E-05
187,5,-3.22E-05
188,5,0.003209314
189,5,0.008470297
190,5,0.002560439
191,5,7.30E-06
192,5,0.01354707
193,5,5.93E-06
194,5,9.87E-05
1,6,1.53E-05
2,6,9.19E-05
3,6,7.64E-07
4,6,0.001400214
5,6,-1.81E-07
6,6,4.15E-05
7,6,1.49E-06
8,6,0.003776804
9,6,5.60E-06
10,6,5.60E-06
11,6,4.45E-06
12,6,5.93E-05
13,6,-2.42E-04
14,6,3.61E-04
15,6,2.12E-07
16,6,1.74E-05
17,6,1.39E-05
18,6,0.674675026
19,6,0.256671751
20,6,0.019278855
21,6,-1.17E-06
22,6,0.005369091
23,6,6.06E-06
24,6,5.12E-05
25,6,0.005159906
26,6,0.821830755
27,6,1.44E-06
28,6,4.06E-04
29,6,2.19E-06
30,6,0.124615002
31,6,8.24E-07
32,6,2.94E-05
33,6,2.72E-05
34,6,0.014069147
35,6,-4.00E-07
36,6,1.13E-05
37,6,-7.25E-07
38,6,1.22E-04
39,6,0.017805455
40,6,0.0092275
41,6,2.37E-04
42,6,0.014632187
43,6,3.41E-06
44,6,2.15E-05
45,6,2.43E-06
46,6,1.55E-05
47,6,3.78E-07
48,6,0.005006249
49,6,3.57E-05
50,6,0.017224825
51,6,1.84E-06
52,6,0.028805355
53,6,3.32E-06
54,6,0.056060455
55,6,1.48E-06
56,6,0.005884234
57,6,0.027278765
58,6,0.948978732
59,6,0.895050458
60,6,4.45E-04
61,6,2.11E-06
62,6,1.66E-04
63,6,2.92E-07
64,6,0.002087361
65,6,0.011754448
66,6,2.62E-05
67,6,4.39E-06
68,6,1.72E-05
69,6,3.17E-06
70,6,0.005719196
71,6,4.97E-06
72,6,0.013839971
73,6,0.002707222
74,6,3.91E-05
75,6,1.71E-05
76,6,5.44E-05
77,6,6.80E-07
78,6,0.011102152
79,6,-4.97E-06
80,6,0.007469942
81,6,1.17E-05
82,6,1.60E-05
83,6,5.95E-07
84,6,0.040878125
85,6,7.36E-07
86,6,3.86E-04
87,6,2.12E-07
88,6,0.066584847
89,6,0.005184336
90,6,0.009097291
91,6,0.026376476
92,6,0.193055996
93,6,0.974755217
94,6,2.50E-04
95,6,2.66E-05
96,6,0.002710613
97,6,1.28E-04
98,6,0.067229943
99,6,1.97E-06
100,6,0.105056528
101,6,0.041966326
102,6,0.005708886
103,6,-0.007905812
104,6,1.76E-05
105,6,0.057128141
106,6,0.036578394
107,6,0.607106738
108,6,2.16E-05
109,6,-1.91E-07
110,6,0.008204679
111,6,3.19E-05
112,6,1.14E-05
113,6,2.49E-05
114,6,9.91E-04
115,6,8.37E-07
116,6,1.69E-05
117,6,8.41E-06
118,6,0.044043253
119,6,1.03E-06
120,6,2.19E-04
121,6,3.65E-05
122,6,8.06E-06
123,6,2.37E-06
124,6,3.19E-05
125,6,2.92E-06
126,6,7.68E-05
127,6,2.88E-06
128,6,0.053768263
129,6,0.096535636
130,6,1.43E-05
131,6,1.21E-06
132,6,0.035560984
133,6,6.94E-06
134,6,1.65E-05
135,6,3.91E-07
136,6,1.85E-05
137,6,1.20E-05
138,6,1.27E-04
139,6,-6.86E-07
140,6,8.68E-06
141,6,4.40E-08
142,6,2.95E-05
143,6,1.56E-06
144,6,0.010215842
145,6,0.007242292
146,6,0.001864274
147,6,-1.38E-06
148,6,0.008925908
149,6,0.00252513
150,6,4.58E-04
151,6,9.99E-07
152,6,0.051107642
153,6,0.006576673
154,6,6.41E-05
155,6,4.59E-06
156,6,0.007513352
157,6,-1.55E-06
158,6,0.003117194
159,6,2.26E-05
160,6,9.76E-04
161,6,0.006020758
162,6,0.05634401
163,6,-6.47E-07
164,6,2.96E-04
165,6,0.015453301
166,6,1.28E-05
167,6,0.035251317
168,6,0.011936489
169,6,4.46E-06
170,6,0.008921562
171,6,6.41E-06
172,6,3.33E-05
173,6,3.30E-06
174,6,0.001660447
175,6,-2.04E-06
176,6,9.52E-04
177,6,2.53E-05
178,6,0.035251317
179,6,6.75E-05
180,6,0.110399405
181,6,2.39E-05
182,6,0.030436915
183,6,0.397968453
184,6,5.35E-05
185,6,2.66E-05
186,6,0.014021871
187,6,-2.53E-05
188,6,1.46E-04
189,6,-7.97E-07
190,6,1.97E-05
191,6,3.29E-06
192,6,9.60E-05
193,6,4.46E-06
194,6,0.009310001
1,7,0.584617427
2,7,1.46E-05
3,7,-8.63E-06
4,7,1.49E-05
5,7,-4.15E-07
6,7,2.37E-04
7,7,0.048191702
8,7,0.002847631
9,7,0.999860132
10,7,0.999860132
11,7,-1.84E-06
12,7,1.73E-05
13,7,-3.503454538
14,7,0.006643564
15,7,1.44E-06
16,7,1.22E-05
17,7,5.87E-04
18,7,2.05E-05
19,7,-3.12E-05
20,7,0.005743387
21,7,-3.49E-07
22,7,1.27E-05
23,7,-2.31E-06
24,7,1.17E-05
25,7,0.004353469
26,7,2.36E-05
27,7,-0.0237313
28,7,7.74E-05
29,7,1.84E-06
30,7,0.053937909
31,7,1.67E-06
32,7,2.06E-05
33,7,9.70E-05
34,7,1.80E-05
35,7,1.017249075
36,7,0.005090079
37,7,3.64E-06
38,7,0.037179042
39,7,3.68E-06
40,7,0.012772359
41,7,0.004515776
42,7,0.003244929
43,7,1.22E-05
44,7,1.37E-05
45,7,3.14E-06
46,7,2.19E-05
47,7,4.03E-06
48,7,0.008049133
49,7,1.18E-05
50,7,0.015334313
51,7,8.58E-07
52,7,6.08E-04
53,7,-3.87E-07
54,7,0.006793578
55,7,1.72E-06
56,7,2.69E-05
57,7,0.006475814
58,7,2.35E-05
59,7,2.03E-06
60,7,4.92E-04
61,7,2.18E-06
62,7,6.83E-05
63,7,-2.63E-07
64,7,8.20E-04
65,7,1.04E-05
66,7,1.04E-05
67,7,5.18E-07
68,7,9.68E-06
69,7,-4.97E-07
70,7,0.004236875
71,7,-1.05E-05
72,7,0.008091041
73,7,4.46E-05
74,7,7.11E-06
75,7,4.69E-07
76,7,0.034027727
77,7,7.27E-07
78,7,0.001907846
79,7,3.18E-07
80,7,0.003258773
81,7,1.21E-05
82,7,1.89E-04
83,7,1.11E-06
84,7,2.39E-05
85,7,3.66E-06
86,7,2.80E-04
87,7,2.21E-06
88,7,1.73E-04
89,7,1.41E-04
90,7,8.86E-05
91,7,4.11E-06
92,7,6.95E-05
93,7,-7.57E-06
94,7,2.80E-05
95,7,-1.30E-04
96,7,9.04E-06
97,7,9.18E-06
98,7,1.75E-05
99,7,-5.89E-06
100,7,1.14E-05
101,7,1.05E-05
102,7,0.026308268
103,7,-4.04E-08
104,7,1.48E-05
105,7,1.36E-05
106,7,1.92E-05
107,7,9.05E-06
108,7,1.02E-05
109,7,2.16E-06
110,7,0.0331445
111,7,1.33E-05
112,7,1.61E-05
113,7,4.40E-05
114,7,9.91E-06
115,7,1.30E-06
116,7,0.002114119
117,7,8.09E-06
118,7,0.008021053
119,7,1.58E-07
120,7,0.004054529
121,7,0.012561239
122,7,4.64E-06
123,7,1.33E-06
124,7,1.33E-05
125,7,2.87E-06
126,7,2.57E-05
127,7,4.49E-07
128,7,2.34E-05
129,7,1.28E-05
130,7,3.94E-06
131,7,4.30E-06
132,7,1.16E-05
133,7,7.92E-06
134,7,7.40E-04
135,7,2.38E-07
136,7,4.77E-06
137,7,5.83E-04
138,7,3.80E-05
139,7,-8.93E-08
140,7,2.30E-05
141,7,-2.13E-07
142,7,0.010104537
143,7,0.00491165
144,7,0.014167505
145,7,1.96E-05
146,7,1.08E-05
147,7,-1.16E-06
148,7,0.020071864
149,7,1.91E-05
150,7,1.49E-05
151,7,8.77E-06
152,7,8.87E-04
153,7,1.82E-05
154,7,9.09E-05
155,7,1.38E-06
156,7,2.59E-05
157,7,5.06E-06
158,7,3.06E-05
159,7,2.56E-05
160,7,2.39E-05
161,7,9.31E-04
162,7,9.39E-06
163,7,1.47E-06
164,7,0.002353574
165,7,8.60E-05
166,7,3.80E-05
167,7,0.004792056
168,7,3.69E-05
169,7,3.12E-06
170,7,1.71E-05
171,7,0.039272465
172,7,1.32E-05
173,7,1.44E-06
174,7,5.06E-05
175,7,-2.55E-06
176,7,2.65E-04
177,7,1.10E-05
178,7,0.004792056
179,7,-1.49E-04
180,7,3.46E-05
181,7,-9.05E-07
182,7,0.002027275
183,7,2.84E-06
184,7,1.13E-05
185,7,0.007276744
186,7,0.006103528
187,7,4.13E-06
188,7,2.15E-05
189,7,-3.25E-06
190,7,0.005639299
191,7,7.28E-07
192,7,5.61E-05
193,7,3.12E-06
194,7,3.37E-05
1,8,1.49E-05
2,8,1.19E-05
3,8,4.65E-06
4,8,3.82E-05
5,8,-1.97E-06
6,8,2.13E-05
7,8,2.62E-06
8,8,2.62E-05
9,8,3.04E-06
10,8,3.04E-06
11,8,-9.47E-07
12,8,0.00594307
13,8,2.10E-06
14,8,6.48E-05
15,8,1.44E-06
16,8,1.99E-05
17,8,3.69E-05
18,8,5.30E-04
19,8,-1.70E-04
20,8,8.85E-06
21,8,-8.32E-07
22,8,0.016089304
23,8,2.23E-07
24,8,2.16E-05
25,8,0.00699234
26,8,8.75E-06
27,8,1.15E-06
28,8,6.73E-06
29,8,1.30E-05
30,8,0.007164873
31,8,1.33E-06
32,8,0.001756375
33,8,0.002654764
34,8,0.033268669
35,8,-1.94E-07
36,8,1.33E-05
37,8,9.30E-07
38,8,6.44E-06
39,8,2.58E-04
40,8,0.004237289
41,8,1.72E-05
42,8,3.21E-05
43,8,3.53E-06
44,8,0.002439676
45,8,2.68E-06
46,8,3.66E-05
47,8,9.56E-06
48,8,9.70E-06
49,8,2.31E-04
50,8,1.63E-05
51,8,1.25E-06
52,8,3.58E-05
53,8,-1.68E-06
54,8,0.020029047
55,8,6.41E-07
56,8,4.04E-05
57,8,1.63E-05
58,8,7.35E-06
59,8,-1.71E-06
60,8,1.10E-04
61,8,2.26E-06
62,8,9.34E-05
63,8,-9.53E-07
64,8,1.31E-05
65,8,2.44E-05
66,8,7.07E-06
67,8,1.70E-07
68,8,9.56E-06
69,8,4.32E-06
70,8,0.003944021
71,8,-3.27E-06
72,8,2.25E-05
73,8,3.81E-05
74,8,1.10E-05
75,8,0.065893061
76,8,0.00204676
77,8,-2.72E-07
78,8,0.010886846
79,8,8.67E-07
80,8,0.004190984
81,8,0.0055349
82,8,6.02E-06
83,8,-6.91E-07
84,8,2.62E-04
85,8,2.41E-06
86,8,5.89E-04
87,8,2.66E-06
88,8,2.64E-04
89,8,7.25E-05
90,8,3.28E-05
91,8,5.29E-07
92,8,0.002762513
93,8,-0.328610007
94,8,5.13E-04
95,8,2.00E-05
96,8,3.25E-05
97,8,3.55E-05
98,8,0.006623633
99,8,1.44E-06
100,8,3.27E-05
101,8,-0.075628868
102,8,2.88E-05
103,8,-5.02E-08
104,8,1.32E-05
105,8,1.88E-05
106,8,1.53E-05
107,8,-1.26E-06
108,8,8.79E-06
109,8,-6.19E-07
110,8,1.37E-05
111,8,0.018522438
112,8,7.01E-06
113,8,0.017080169
114,8,1.27E-05
115,8,0.003205586
116,8,0.154245104
117,8,9.63E-06
118,8,0.029149702
119,8,6.58E-07
120,8,0.006050245
121,8,0.063969358
122,8,1.89E-05
123,8,4.65E-06
124,8,0.018522438
125,8,8.82E-06
126,8,1.93E-05
127,8,1.68E-06
128,8,0.017050736
129,8,1.97E-05
130,8,1.79E-05
131,8,1.06E-05
132,8,3.48E-05
133,8,0.918234565
134,8,1.03E-05
135,8,-1.44E-06
136,8,6.60E-05
137,8,2.93E-05
138,8,0.191959511
139,8,-1.74E-06
140,8,1.18E-05
141,8,6.41E-07
142,8,6.12E-06
143,8,3.50E-06
144,8,0.612073112
145,8,1.59E-05
146,8,2.12E-05
147,8,1.50E-06
148,8,0.00854017
149,8,3.87E-05
150,8,4.13E-05
151,8,5.81E-06
152,8,0.002962053
153,8,0.694199657
154,8,0.673441003
155,8,-7.76E-07
156,8,5.98E-06
157,8,1.97E-06
158,8,2.14E-05
159,8,1.12E-04
160,8,0.001503114
161,8,0.010873399
162,8,4.52E-05
163,8,-1.01E-06
164,8,5.05E-05
165,8,1.02E-05
166,8,1.28E-04
167,8,0.663168607
168,8,0.755807989
169,8,3.75E-06
170,8,0.005111254
171,8,0.718513253
172,8,0.67108594
173,8,1.92E-06
174,8,1.12E-05
175,8,-4.46E-07
176,8,5.76E-04
177,8,0.155557838
178,8,0.663168607
179,8,9.57E-06
180,8,0.039947517
181,8,0.084075549
182,8,0.058120066
183,8,0.071368647
184,8,2.37E-05
185,8,6.66E-04
186,8,0.012817271
187,8,-4.67E-06
188,8,3.59E-05
189,8,0.008526742
190,8,0.002185117
191,8,-5.96E-07
192,8,1.79E-05
193,8,3.75E-06
194,8,0.068124254
1,9,3.44E-05
2,9,0.01107822
3,9,3.43E-06
4,9,0.018091302
5,9,-1.85E-06
6,9,1.93E-05
7,9,5.90E-06
8,9,0.124925113
9,9,4.62E-06
10,9,4.62E-06
11,9,1.52E-05
12,9,5.68E-05
13,9,8.21E-06
14,9,0.018492528
15,9,1.01E-06
16,9,1.13E-05
17,9,3.28E-05
18,9,0.041027421
19,9,-8.63E-07
20,9,0.005428038
21,9,5.67E-07
22,9,0.020726415
23,9,8.11E-06
24,9,0.044463709
25,9,0.015263531
26,9,1.98E-04
27,9,-8.63E-06
28,9,3.48E-05
29,9,3.73E-07
30,9,1.99E-04
31,9,1.26E-06
32,9,7.48E-06
33,9,4.96E-05
34,9,0.016443157
35,9,-5.48E-07
36,9,3.36E-05
37,9,7.13E-05
38,9,1.29E-05
39,9,1.49E-05
40,9,0.058326914
41,9,2.99E-05
42,9,1.33E-05
43,9,6.77E-07
44,9,1.23E-05
45,9,5.57E-07
46,9,1.76E-05
47,9,0.125842301
48,9,1.58E-05
49,9,6.72E-04
50,9,2.95E-05
51,9,2.18E-06
52,9,6.24E-05
53,9,-9.97E-07
54,9,0.045489737
55,9,3.19E-06
56,9,6.31E-05
57,9,0.688644253
58,9,0.006432612
59,9,3.14E-06
60,9,4.35E-04
61,9,2.30E-07
62,9,6.02E-04
63,9,-1.71E-06
64,9,1.09E-04
65,9,0.003321501
66,9,1.29E-05
67,9,7.54E-07
68,9,0.007098641
69,9,-4.43E-07
70,9,0.016182946
71,9,2.60E-05
72,9,0.29592158
73,9,0.029154791
74,9,1.94E-05
75,9,0.169792013
76,9,0.031118776
77,9,1.06E-06
78,9,0.033276029
79,9,1.87E-06
80,9,0.005650002
81,9,1.30E-05
82,9,0.001926804
83,9,6.99E-07
84,9,1.80E-05
85,9,2.48E-06
86,9,6.49E-04
87,9,-1.86E-08
88,9,1.56E-04
89,9,1.98E-05
90,9,1.50E-05
91,9,0.798994025
92,9,0.090558229
93,9,0.010280589
94,9,6.02E-05
95,9,2.22E-04
96,9,2.47E-05
97,9,0.040355626
98,9,5.24E-05
99,9,1.11E-06
100,9,2.22E-05
101,9,2.88E-04
102,9,2.52E-04
103,9,-5.19E-06
104,9,0.010782464
105,9,2.18E-05
106,9,0.027889448
107,9,6.86E-06
108,9,1.62E-05
109,9,-4.52E-07
110,9,0.124307727
111,9,3.28E-05
112,9,4.43E-05
113,9,0.009719448
114,9,0.018880392
115,9,1.93E-06
116,9,1.66E-05
117,9,-2.84E-07
118,9,3.59E-05
119,9,-8.43E-07
120,9,5.08E-05
121,9,2.28E-05
122,9,1.44E-05
123,9,7.67E-04
124,9,3.28E-05
125,9,0.001213345
126,9,7.35E-05
127,9,3.84E-07
128,9,4.98E-05
129,9,0.005996763
130,9,1.70E-05
131,9,6.22E-06
132,9,1.13E-04
133,9,8.98E-06
134,9,7.88E-06
135,9,-1.18E-06
136,9,0.038553589
137,9,0.007148248
138,9,0.001898283
139,9,-1.22E-06
140,9,1.16E-05
141,9,3.38E-06
142,9,1.07E-05
143,9,5.88E-06
144,9,0.006165275
145,9,8.92E-04
146,9,0.606990594
147,9,-7.51E-08
148,9,5.14E-05
149,9,5.89E-05
150,9,0.02408979
151,9,-1.38E-06
152,9,6.14E-04
153,9,0.074885983
154,9,8.58E-05
155,9,-6.00E-07
156,9,1.09E-05
157,9,1.50E-06
158,9,3.01E-05
159,9,1.04E-05
160,9,5.62E-05
161,9,0.117710868
162,9,1.27E-04
163,9,-5.78E-08
164,9,1.91E-05
165,9,0.109920109
166,9,0.010670097
167,9,0.077384034
168,9,1.72E-05
169,9,3.85E-06
170,9,9.58E-05
171,9,3.43E-06
172,9,0.030567804
173,9,1.43E-06
174,9,0.017707589
175,9,-2.53E-06
176,9,0.026110791
177,9,0.456223978
178,9,0.077384034
179,9,1.02E-04
180,9,1.54E-04
181,9,0.358535216
182,9,0.747246913
183,9,7.11E-06
184,9,1.28E-04
185,9,2.47E-05
186,9,3.23E-05
187,9,-0.001698809
188,9,0.009343413
189,9,6.21E-06
190,9,4.51E-05
191,9,1.46E-06
192,9,4.50E-05
193,9,3.85E-06
194,9,0.667939943
1,10,9.27E-06
2,10,0.002424309
3,10,-1.89E-07
4,10,0.002550043
5,10,-4.98E-07
6,10,6.34E-06
7,10,0.011297323
8,10,1.25E-05
9,10,3.64E-06
10,10,3.64E-06
11,10,-1.97E-06
12,10,2.02E-04
13,10,-6.82E-06
14,10,2.47E-05
15,10,0.983593607
16,10,1.41E-05
17,10,2.69E-05
18,10,2.42E-05
19,10,-6.29E-05
20,10,0.003287995
21,10,0.999947646
22,10,4.31E-05
23,10,4.12E-06
24,10,0.052049984
25,10,0.003633924
26,10,0.026979041
27,10,3.64E-06
28,10,8.54E-06
29,10,1.95E-06
30,10,1.65E-05
31,10,5.45E-06
32,10,3.52E-05
33,10,1.31E-05
34,10,0.006399547
35,10,-5.04E-07
36,10,1.64E-05
37,10,-1.86E-06
38,10,1.00E-04
39,10,4.94E-06
40,10,0.016365068
41,10,1.43E-05
42,10,2.15E-05
43,10,1.01E-06
44,10,1.21E-05
45,10,2.96E-06
46,10,7.86E-06
47,10,4.20E-06
48,10,2.05E-05
49,10,1.20E-05
50,10,0.007377188
51,10,-1.64E-07
52,10,2.64E-05
53,10,-1.49E-06
54,10,2.92E-05
55,10,0.998541909
56,10,0.023874408
57,10,2.23E-05
58,10,0.005112007
59,10,3.04E-06
60,10,0.001155885
61,10,3.10E-07
62,10,0.906043419
63,10,-8.99E-07
64,10,9.87E-04
65,10,3.12E-05
66,10,5.44E-06
67,10,-8.42E-08
68,10,1.75E-05
69,10,1.82E-06
70,10,2.67E-05
71,10,-1.63E-04
72,10,0.001986406
73,10,4.59E-05
74,10,5.97E-05
75,10,-1.21E-05
76,10,9.55E-05
77,10,3.59E-07
78,10,0.071356092
79,10,5.01E-07
80,10,1.70E-05
81,10,2.49E-05
82,10,1.19E-05
83,10,5.94E-07
84,10,2.65E-05
85,10,1.00E-06
86,10,1.04E-04
87,10,3.74E-07
88,10,1.31E-04
89,10,1.31E-05
90,10,3.36E-05
91,10,1.70E-06
92,10,5.76E-05
93,10,-0.018537198
94,10,0.006193047
95,10,-2.94E-05
96,10,8.01E-06
97,10,2.00E-05
98,10,1.73E-05
99,10,9.94E-07
100,10,1.58E-05
101,10,3.36E-05
102,10,5.76E-05
103,10,2.79E-07
104,10,9.21E-04
105,10,1.20E-05
106,10,0.007642958
107,10,8.50E-06
108,10,4.75E-05
109,10,-3.64E-07
110,10,1.64E-05
111,10,2.74E-05
112,10,8.89E-06
113,10,1.44E-05
114,10,1.18E-05
115,10,3.73E-06
116,10,9.33E-06
117,10,1.01E-06
118,10,2.24E-05
119,10,-2.08E-06
120,10,0.848019869
121,10,1.16E-04
122,10,6.93E-06
123,10,2.37E-06
124,10,2.74E-05
125,10,5.30E-06
126,10,1.87E-05
127,10,1.12E-06
128,10,1.43E-05
129,10,3.27E-05
130,10,9.26E-06
131,10,4.38E-06
132,10,2.15E-04
133,10,1.12E-05
134,10,6.39E-06
135,10,1.04E-06
136,10,1.79E-04
137,10,2.93E-05
138,10,1.32E-04
139,10,-1.03E-06
140,10,3.15E-05
141,10,4.61E-07
142,10,7.74E-06
143,10,2.20E-06
144,10,0.007327713
145,10,2.06E-05
146,10,0.004753317
147,10,-1.15E-06
148,10,2.67E-05
149,10,2.99E-06
150,10,0.508498736
151,10,-1.27E-06
152,10,1.53E-05
153,10,0.004413566
154,10,1.55E-05
155,10,9.84E-07
156,10,7.94E-06
157,10,-1.12E-07
158,10,0.022089862
159,10,2.16E-05
160,10,1.13E-05
161,10,0.004686431
162,10,1.08E-05
163,10,-1.18E-07
164,10,0.001308365
165,10,1.92E-05
166,10,1.40E-05
167,10,0.052600854
168,10,0.002341432
169,10,3.76E-06
170,10,1.86E-05
171,10,-1.90E-06
172,10,4.03E-05
173,10,3.61E-06
174,10,1.25E-05
175,10,-2.21E-06
176,10,1.18E-05
177,10,0.005163405
178,10,0.052600854
179,10,6.79E-04
180,10,6.54E-05
181,10,-1.17E-05
182,10,1.40E-05
183,10,3.52E-06
184,10,0.008295849
185,10,0.004581206
186,10,1.65E-05
187,10,9.22E-04
188,10,0.007690384
189,10,1.96E-06
190,10,1.19E-05
191,10,4.56E-07
192,10,3.34E-05
193,10,3.76E-06
194,10,0.018020376
1,11,2.94E-05
2,11,0.0026347
3,11,4.39E-06
4,11,1.77E-05
5,11,1.53E-06
6,11,4.40E-05
7,11,2.31E-06
8,11,2.75E-05
9,11,4.45E-06
10,11,4.45E-06
11,11,-6.98E-07
12,11,1.62E-05
13,11,2.18E-06
14,11,7.38E-05
15,11,3.24E-05
16,11,1.02E-05
17,11,4.98E-05
18,11,0.007923448
19,11,9.41E-04
20,11,0.008345765
21,11,2.51E-07
22,11,4.04E-05
23,11,3.96E-06
24,11,1.59E-05
25,11,0.007862683
26,11,0.006302342
27,11,1.51E-04
28,11,1.20E-05
29,11,8.69E-06
30,11,0.0148696
31,11,8.61E-07
32,11,6.90E-06
33,11,3.16E-04
34,11,0.007473472
35,11,-6.28E-07
36,11,2.69E-05
37,11,1.27E-05
38,11,3.28E-04
39,11,4.54E-04
40,11,2.44E-05
41,11,0.002292158
42,11,1.73E-05
43,11,1.20E-06
44,11,0.005602268
45,11,2.83E-06
46,11,2.49E-05
47,11,1.97E-06
48,11,0.050549209
49,11,1.50E-04
50,11,1.60E-04
51,11,1.68E-06
52,11,0.006742846
53,11,-2.12E-05
54,11,0.027232532
55,11,1.57E-05
56,11,0.005968539
57,11,0.013943056
58,11,1.16E-04
59,11,7.97E-06
60,11,6.68E-04
61,11,3.83E-05
62,11,4.27E-05
63,11,1.000028305
64,11,2.34E-05
65,11,0.00100342
66,11,1.04E-05
67,11,4.10E-06
68,11,0.005447716
69,11,1.69E-06
70,11,0.001510294
71,11,2.55E-05
72,11,2.69E-05
73,11,3.11E-05
74,11,3.42E-05
75,11,2.06E-05
76,11,7.02E-05
77,11,4.98E-07
78,11,0.00796213
79,11,4.27E-06
80,11,7.25E-04
81,11,5.13E-05
82,11,2.85E-04
83,11,-2.09E-06
84,11,0.002374774
85,11,3.28E-06
86,11,0.001512355
87,11,8.45E-08
88,11,5.63E-04
89,11,0.055551608
90,11,0.034203516
91,11,1.18E-05
92,11,0.033820663
93,11,0.001207156
94,11,0.031695966
95,11,1.69E-05
96,11,4.68E-05
97,11,6.72E-05
98,11,0.016787712
99,11,1.09E-05
100,11,0.392701209
101,11,0.01064789
102,11,1.67E-05
103,11,1.24E-05
104,11,0.005468139
105,11,5.89E-05
106,11,0.003997968
107,11,1.25E-05
108,11,0.006401303
109,11,-1.18E-06
110,11,1.27E-05
111,11,2.66E-05
112,11,9.88E-06
113,11,0.004632251
114,11,7.23E-04
115,11,7.75E-07
116,11,0.006241695
117,11,9.98E-06
118,11,1.01E-04
119,11,3.29E-07
120,11,6.22E-04
121,11,4.62E-04
122,11,9.35E-04
123,11,3.69E-06
124,11,2.66E-05
125,11,3.14E-06
126,11,0.002836989
127,11,5.54E-07
128,11,0.016495447
129,11,0.014085674
130,11,6.50E-05
131,11,4.62E-06
132,11,7.24E-05
133,11,4.14E-06
134,11,2.36E-05
135,11,2.15E-06
136,11,0.001194594
137,11,2.48E-05
138,11,4.26E-05
139,11,-1.33E-06
140,11,2.82E-05
141,11,1.48E-06
142,11,2.43E-05
143,11,1.97E-05
144,11,0.001891093
145,11,1.10E-05
146,11,0.001476052
147,11,-5.21E-07
148,11,0.005761834
149,11,0.021022714
150,11,0.001349456
151,11,2.00E-05
152,11,3.56E-04
153,11,0.008182437
154,11,5.90E-05
155,11,1.03E-05
156,11,8.16E-04
157,11,-1.89E-07
158,11,0.005950303
159,11,2.28E-04
160,11,1.78E-05
161,11,4.10E-05
162,11,0.022443459
163,11,-7.16E-07
164,11,1.54E-04
165,11,-4.46E-05
166,11,3.29E-05
167,11,0.008339465
168,11,6.37E-05
169,11,0.999872742
170,11,0.01036752
171,11,0.02181259
172,11,2.95E-05
173,11,1.27E-05
174,11,5.95E-05
175,11,-2.24E-06
176,11,4.52E-05
177,11,0.009324133
178,11,0.008339465
179,11,-3.58E-05
180,11,0.015332233
181,11,0.557544764
182,11,0.00113311
183,11,6.33E-06
184,11,1.92E-05
185,11,0.005517948
186,11,0.007755555
187,11,-9.83E-05
188,11,6.78E-05
189,11,-1.91E-04
190,11,1.51E-04
191,11,1.50E-06
192,11,1.89E-04
193,11,0.999872742
194,11,2.64E-05
1,12,0.011906283
2,12,0.356327363
3,12,-7.69E-05
4,12,0.028251291
5,12,3.17E-07
6,12,2.80E-05
7,12,2.16E-06
8,12,2.39E-05
9,12,4.11E-06
10,12,4.11E-06
11,12,-1.07E-06
12,12,3.61E-05
13,12,4.02E-06
14,12,6.16E-05
15,12,-1.29E-07
16,12,0.143092074
17,12,0.020546968
18,12,0.005439994
19,12,3.32E-05
20,12,1.79E-05
21,12,-4.26E-07
22,12,0.097148204
23,12,1.75E-06
24,12,0.047537034
25,12,5.40E-05
26,12,0.015625116
27,12,3.19E-05
28,12,0.006007216
29,12,2.93E-06
30,12,0.005175696
31,12,2.16E-06
32,12,3.98E-05
33,12,1.20E-04
34,12,1.80E-04
35,12,-9.25E-07
36,12,1.48E-05
37,12,9.88E-06
38,12,3.33E-05
39,12,6.24E-06
40,12,0.006203804
41,12,1.47E-04
42,12,7.68E-04
43,12,2.67E-06
44,12,0.009594818
45,12,1.57E-06
46,12,0.059200298
47,12,7.10E-06
48,12,0.006177688
49,12,0.016434083
50,12,1.66E-05
51,12,2.09E-06
52,12,0.011192219
53,12,0.063450337
54,12,0.015633574
55,12,6.02E-07
56,12,6.69E-05
57,12,0.01682647
58,12,1.61E-05
59,12,3.58E-06
60,12,0.262329981
61,12,9.91E-07
62,12,1.36E-05
63,12,-1.66E-07
64,12,6.44E-05
65,12,0.026987246
66,12,0.022615253
67,12,3.31E-06
68,12,3.69E-04
69,12,6.67E-06
70,12,0.004354983
71,12,2.13E-06
72,12,1.02E-04
73,12,0.014927221
74,12,3.60E-05
75,12,7.06E-06
76,12,0.016575178
77,12,1.55E-07
78,12,0.045707125
79,12,6.57E-08
80,12,0.004422254
81,12,4.41E-05
82,12,5.18E-05
83,12,2.18E-06
84,12,5.95E-05
85,12,5.95E-06
86,12,0.136767083
87,12,-9.25E-08
88,12,3.35E-05
89,12,7.22E-04
90,12,4.32E-05
91,12,1.87E-06
92,12,3.17E-04
93,12,0.004983999
94,12,5.49E-05
95,12,1.38E-05
96,12,0.00952161
97,12,1.52E-04
98,12,5.30E-05
99,12,5.85E-06
100,12,1.26E-05
101,12,6.79E-06
102,12,4.99E-05
103,12,-3.28E-07
104,12,7.54E-05
105,12,1.82E-05
106,12,0.005519873
107,12,-7.18E-06
108,12,1.04E-05
109,12,-9.18E-07
110,12,1.56E-04
111,12,0.001031926
112,12,3.01E-05
113,12,0.111138503
114,12,0.00626789
115,12,5.01E-06
116,12,0.713597068
117,12,4.53E-06
118,12,0.787111857
119,12,0.184740897
120,12,1.59E-05
121,12,0.00400244
122,12,0.002920758
123,12,2.36E-06
124,12,0.001031926
125,12,4.69E-06
126,12,0.005096461
127,12,8.89E-06
128,12,9.31E-05
129,12,2.90E-05
130,12,0.001693721
131,12,0.263568975
132,12,4.43E-05
133,12,8.60E-06
134,12,2.57E-05
135,12,0.985052148
136,12,0.838105893
137,12,0.852663387
138,12,0.026264647
139,12,-3.66E-07
140,12,3.54E-05
141,12,3.26E-07
142,12,1.32E-05
143,12,4.57E-06
144,12,0.005785572
145,12,2.84E-05
146,12,5.58E-05
147,12,-2.23E-07
148,12,7.72E-05
149,12,-3.90E-04
150,12,0.047483157
151,12,-1.99E-07
152,12,9.11E-05
153,12,9.53E-05
154,12,0.066063764
155,12,9.61E-07
156,12,1.12E-05
157,12,5.88E-06
158,12,0.008953808
159,12,0.016897944
160,12,0.006960771
161,12,1.56E-05
162,12,6.93E-05
163,12,1.32E-06
164,12,0.001688065
165,12,1.39E-05
166,12,0.003309254
167,12,3.86E-05
168,12,0.019562717
169,12,6.51E-06
170,12,0.085089537
171,12,0.079825784
172,12,0.017857773
173,12,3.28E-06
174,12,1.21E-05
175,12,-1.73E-06
176,12,0.009323158
177,12,0.034219524
178,12,3.86E-05
179,12,2.29E-05
180,12,0.002434773
181,12,1.91E-05
182,12,2.15E-05
183,12,2.17E-06
184,12,2.14E-05
185,12,0.007409467
186,12,8.55E-05
187,12,1.96E-05
188,12,0.102917353
189,12,0.042302992
190,12,0.067824628
191,12,1.16E-06
192,12,3.10E-04
193,12,6.51E-06
194,12,0.016618283
1,13,0.009243876
2,13,8.53E-05
3,13,5.42E-06
4,13,6.13E-05
5,13,5.56E-07
6,13,6.11E-05
7,13,1.15E-06
8,13,1.97E-05
9,13,3.76E-06
10,13,3.76E-06
11,13,1.23E-06
12,13,0.007596187
13,13,2.54E-06
14,13,1.89E-04
15,13,3.59E-06
16,13,9.36E-06
17,13,7.65E-05
18,13,0.009911473
19,13,-2.68E-06
20,13,0.01786434
21,13,6.83E-07
22,13,0.005730494
23,13,2.06E-05
24,13,0.007951211
25,13,0.005689603
26,13,0.024485656
27,13,8.96E-06
28,13,1.23E-05
29,13,3.79E-06
30,13,2.59E-05
31,13,2.69E-07
32,13,7.24E-06
33,13,1.59E-05
34,13,0.04464215
35,13,-1.65E-06
36,13,6.21E-06
37,13,2.11E-05
38,13,2.94E-05
39,13,5.23E-05
40,13,1.61E-05
41,13,1.54E-05
42,13,1.87E-05
43,13,-5.26E-07
44,13,1.32E-05
45,13,4.40E-06
46,13,3.29E-05
47,13,-3.09E-06
48,13,1.53E-05
49,13,4.79E-05
50,13,1.35E-04
51,13,1.34E-06
52,13,3.40E-05
53,13,1.01E-06
54,13,2.53E-04
55,13,4.94E-06
56,13,0.052084308
57,13,0.017976306
58,13,4.12E-05
59,13,2.05E-05
60,13,3.95E-04
61,13,5.30E-06
62,13,3.53E-05
63,13,-1.58E-06
64,13,2.93E-05
65,13,1.35E-04
66,13,8.78E-06
67,13,3.01E-06
68,13,8.96E-04
69,13,0.827886584
70,13,8.72E-05
71,13,2.49E-05
72,13,0.213389421
73,13,0.176398772
74,13,0.001126329
75,13,-1.58E-05
76,13,2.10E-05
77,13,7.48E-07
78,13,0.008414006
79,13,-1.48E-07
80,13,1.50E-05
81,13,6.94E-06
82,13,2.50E-05
83,13,7.24E-07
84,13,2.66E-05
85,13,3.62E-06
86,13,1.16E-04
87,13,9.12E-07
88,13,1.72E-04
89,13,3.30E-05
90,13,3.08E-05
91,13,0.174495042
92,13,3.34E-05
93,13,-5.66E-07
94,13,6.05E-04
95,13,8.70E-07
96,13,0.215511514
97,13,0.668005186
98,13,4.38E-05
99,13,2.39E-06
100,13,1.78E-05
101,13,0.06756945
102,13,6.52E-05
103,13,-8.99E-06
104,13,6.25E-05
105,13,1.11E-05
106,13,3.81E-05
107,13,9.82E-06
108,13,1.90E-05
109,13,7.22E-08
110,13,2.45E-04
111,13,2.25E-05
112,13,4.31E-05
113,13,0.627598973
114,13,7.52E-05
115,13,3.45E-06
116,13,1.99E-05
117,13,3.07E-06
118,13,4.01E-05
119,13,8.52E-06
120,13,3.18E-05
121,13,4.31E-05
122,13,0.9945831
123,13,6.85E-06
124,13,2.25E-05
125,13,3.11E-06
126,13,3.34E-05
127,13,2.24E-06
128,13,0.001992139
129,13,0.602179675
130,13,0.982393566
131,13,0.011965419
132,13,2.94E-05
133,13,1.02E-05
134,13,2.78E-05
135,13,6.18E-07
136,13,0.027515027
137,13,1.12E-05
138,13,1.10E-04
139,13,1.83E-07
140,13,1.27E-05
141,13,4.42E-07
142,13,9.06E-06
143,13,4.33E-06
144,13,0.003252975
145,13,1.58E-05
146,13,0.024367381
147,13,1.09E-07
148,13,3.48E-05
149,13,2.80E-06
150,13,0.271559986
151,13,5.88E-06
152,13,4.47E-05
153,13,0.032657356
154,13,8.98E-04
155,13,1.97E-07
156,13,0.00226682
157,13,1.01E-06
158,13,1.54E-05
159,13,5.47E-05
160,13,8.13E-06
161,13,0.045757872
162,13,2.35E-05
163,13,-5.36E-07
164,13,0.009282397
165,13,3.17E-07
166,13,1.19E-05
167,13,0.012519535
168,13,0.01453695
169,13,7.44E-06
170,13,0.002582559
171,13,9.95E-05
172,13,0.044462969
173,13,4.40E-06
174,13,0.005191265
175,13,-2.18E-06
176,13,1.86E-05
177,13,0.136959266
178,13,0.012519535
179,13,1.71E-05
180,13,1.05E-04
181,13,0.04456844
182,13,0.001264019
183,13,5.95E-06
184,13,0.002553756
185,13,1.22E-05
186,13,2.47E-05
187,13,-3.25E-05
188,13,3.43E-05
189,13,-2.58E-04
190,13,2.69E-04
191,13,1.60E-06
192,13,0.007922154
193,13,7.44E-06
194,13,0.029494537
1,14,1.01E-04
2,14,0.011126722
3,14,-0.002509705
4,14,1.71E-05
5,14,0.984482133
6,14,5.17E-05
7,14,1.33E-06
8,14,1.76E-05
9,14,7.82E-06
10,14,7.82E-06
11,14,1.44E-06
12,14,0.001873389
13,14,2.69E-06
14,14,0.007851824
15,14,5.08E-06
16,14,0.046879533
17,14,0.034525664
18,14,0.010304739
19,14,-4.26E-06
20,14,4.37E-05
21,14,-3.61E-07
22,14,0.020944018
23,14,2.64E-06
24,14,0.04117248
25,14,0.002547841
26,14,0.001008209
27,14,-4.77E-07
28,14,6.60E-05
29,14,2.96E-06
30,14,3.58E-05
31,14,1.57E-06
32,14,1.00E-05
33,14,0.004733169
34,14,5.90E-04
35,14,-8.47E-07
36,14,0.004971206
37,14,1.13E-05
38,14,0.004631135
39,14,1.28E-05
40,14,1.51E-05
41,14,0.014776575
42,14,0.009249184
43,14,2.42E-06
44,14,3.20E-05
45,14,3.08E-06
46,14,0.522922248
47,14,3.00E-06
48,14,0.001123049
49,14,0.002756683
50,14,0.00692201
51,14,-1.34E-07
52,14,4.38E-05
53,14,0.061169924
54,14,2.56E-05
55,14,1.84E-06
56,14,0.021432231
57,14,0.006602432
58,14,5.92E-06
59,14,-8.09E-07
60,14,1.82E-05
61,14,1.50E-06
62,14,5.02E-05
63,14,-1.39E-06
64,14,2.62E-05
65,14,1.22E-04
66,14,0.017792822
67,14,7.04E-07
68,14,3.22E-04
69,14,2.63E-06
70,14,2.48E-05
71,14,-9.88E-05
72,14,0.006237913
73,14,1.32E-05
74,14,1.15E-05
75,14,-5.33E-04
76,14,2.89E-04
77,14,2.91E-07
78,14,7.53E-05
79,14,0.625579847
80,14,1.00E-05
81,14,0.016519873
82,14,1.09E-05
83,14,5.48E-07
84,14,0.008615936
85,14,4.43E-06
86,14,5.34E-04
87,14,-2.74E-06
88,14,7.95E-05
89,14,1.38E-05
90,14,8.45E-06
91,14,2.46E-06
92,14,0.010547375
93,14,1.80E-06
94,14,2.41E-05
95,14,1.89E-05
96,14,2.05E-05
97,14,5.00E-04
98,14,2.58E-05
99,14,1.31E-06
100,14,1.89E-05
101,14,1.26E-05
102,14,0.059697746
103,14,-2.72E-05
104,14,2.68E-05
105,14,2.41E-04
106,14,1.68E-05
107,14,1.32E-05
108,14,2.78E-05
109,14,-1.31E-06
110,14,2.92E-05
111,14,2.76E-05
112,14,3.04E-05
113,14,1.67E-05
114,14,0.897731264
115,14,0.969936398
116,14,0.001744224
117,14,7.22E-06
118,14,2.50E-05
119,14,-3.78E-06
120,14,4.39E-05
121,14,0.730035504
122,14,1.48E-05
123,14,8.98E-06
124,14,2.76E-05
125,14,4.58E-06
126,14,1.98E-05
127,14,1.81E-06
128,14,0.001308787
129,14,2.78E-05
130,14,7.36E-06
131,14,1.86E-05
132,14,2.66E-05
133,14,4.61E-06
134,14,4.85E-05
135,14,3.03E-06
136,14,0.025756831
137,14,5.95E-05
138,14,5.77E-05
139,14,2.48E-06
140,14,5.75E-05
141,14,1.41E-07
142,14,1.42E-05
143,14,2.51E-06
144,14,0.007153349
145,14,0.738361135
146,14,0.266205354
147,14,0.044109729
148,14,3.98E-05
149,14,2.65E-05
150,14,5.40E-05
151,14,1.84E-06
152,14,5.42E-05
153,14,0.006692353
154,14,0.029453434
155,14,3.21E-06
156,14,7.54E-06
157,14,1.20E-05
158,14,2.17E-04
159,14,0.012028656
160,14,2.26E-05
161,14,4.31E-05
162,14,0.002245302
163,14,1.14E-06
164,14,0.009295401
165,14,1.26E-05
166,14,6.48E-05
167,14,0.002208452
168,14,0.001390737
169,14,3.88E-06
170,14,3.64E-05
171,14,0.020647807
172,14,6.23E-04
173,14,-1.58E-06
174,14,4.74E-05
175,14,-1.60E-06
176,14,0.013290763
177,14,3.16E-05
178,14,0.002208452
179,14,3.36E-04
180,14,3.82E-05
181,14,7.38E-06
182,14,0.012594766
183,14,3.19E-06
184,14,2.86E-05
185,14,0.072405038
186,14,0.008094158
187,14,0.253041159
188,14,4.87E-05
189,14,0.015205005
190,14,1.21E-04
191,14,8.34E-07
192,14,7.42E-05
193,14,3.88E-06
194,14,2.37E-04
1,15,0.00773185
2,15,6.55E-04
3,15,3.85E-07
4,15,0.00538388
5,15,-0.012169617
6,15,0.003928946
7,15,1.52E-06
8,15,4.39E-05
9,15,6.11E-06
10,15,6.11E-06
11,15,-1.33E-07
12,15,0.011903552
13,15,1.76E-05
14,15,5.39E-05
15,15,-3.57E-07
16,15,2.10E-05
17,15,2.25E-05
18,15,2.00E-05
19,15,0.00171597
20,15,0.002323249
21,15,-1.11E-06
22,15,0.007565026
23,15,4.74E-06
24,15,3.35E-05
25,15,0.007263405
26,15,2.26E-05
27,15,-1.29E-06
28,15,0.922194774
29,15,5.87E-06
30,15,1.53E-05
31,15,4.29E-06
32,15,4.90E-05
33,15,6.75E-05
34,15,1.62E-05
35,15,-6.07E-07
36,15,0.014658061
37,15,-2.23E-04
38,15,0.005787431
39,15,2.72E-05
40,15,2.41E-04
41,15,0.005623534
42,15,0.019935947
43,15,1.86E-06
44,15,2.53E-04
45,15,2.43E-06
46,15,0.006308159
47,15,4.76E-06
48,15,0.025223164
49,15,4.04E-05
50,15,0.027861205
51,15,-1.14E-06
52,15,0.068945773
53,15,2.90E-06
54,15,3.32E-05
55,15,1.60E-06
56,15,0.002897341
57,15,5.88E-05
58,15,1.89E-05
59,15,7.56E-07
60,15,2.32E-04
61,15,2.83E-06
62,15,0.008720751
63,15,-1.31E-06
64,15,0.125580632
65,15,1.66E-05
66,15,2.09E-05
67,15,2.15E-04
68,15,0.012206906
69,15,1.74E-06
70,15,0.005722757
71,15,4.30E-06
72,15,0.002722941
73,15,0.008760105
74,15,1.53E-05
75,15,7.48E-04
76,15,0.035122528
77,15,-1.48E-07
78,15,1.40E-05
79,15,0.004062575
80,15,0.013807087
81,15,8.28E-04
82,15,0.021620552
83,15,2.28E-06
84,15,0.008087582
85,15,7.29E-06
86,15,1.39E-04
87,15,1.75E-06
88,15,1.91E-04
89,15,2.79E-04
90,15,1.11E-05
91,15,1.81E-06
92,15,0.021984668
93,15,0.100615854
94,15,5.94E-05
95,15,-1.85E-05
96,15,3.13E-05
97,15,1.75E-05
98,15,0.0023391
99,15,3.19E-06
100,15,1.23E-05
101,15,3.14E-06
102,15,0.006772302
103,15,8.37E-06
104,15,3.01E-05
105,15,1.46E-05
106,15,0.001662401
107,15,-6.39E-07
108,15,1.19E-05
109,15,-6.59E-06
110,15,0.072595307
111,15,0.029639893
112,15,0.008521206
113,15,5.33E-05
114,15,6.59E-05
115,15,1.38E-06
116,15,7.78E-04
117,15,2.70E-06
118,15,3.57E-05
119,15,-7.11E-07
120,15,4.54E-05
121,15,0.002526846
122,15,1.85E-05
123,15,2.56E-07
124,15,0.029639893
125,15,1.98E-06
126,15,0.021028299
127,15,9.64E-07
128,15,1.59E-05
129,15,0.008576143
130,15,2.34E-05
131,15,3.23E-06
132,15,1.24E-05
133,15,1.00E-04
134,15,7.99E-06
135,15,1.11E-06
136,15,3.46E-05
137,15,0.003528082
138,15,0.039915199
139,15,5.53E-07
140,15,2.57E-05
141,15,7.63E-07
142,15,2.66E-04
143,15,4.31E-06
144,15,7.22E-04
145,15,0.019803793
146,15,1.62E-05
147,15,-1.24E-06
148,15,0.750559976
149,15,2.61E-05
150,15,0.004579351
151,15,4.69E-06
152,15,2.91E-05
153,15,0.00216797
154,15,0.025182254
155,15,1.97E-06
156,15,1.50E-05
157,15,1.00E-06
158,15,0.253112588
159,15,0.081657695
160,15,6.74E-04
161,15,3.07E-05
162,15,4.57E-04
163,15,6.24E-07
164,15,3.37E-04
165,15,1.33E-05
166,15,9.62E-05
167,15,1.47E-05
168,15,3.07E-04
169,15,3.38E-06
170,15,1.65E-05
171,15,1.76E-05
172,15,0.033078242
173,15,4.40E-06
174,15,0.004370701
175,15,-1.08E-06
176,15,0.002191686
177,15,3.26E-05
178,15,1.47E-05
179,15,4.79E-05
180,15,3.85E-05
181,15,1.26E-05
182,15,1.63E-05
183,15,0.197646475
184,15,0.034558717
185,15,0.818152021
186,15,0.589937409
187,15,3.97E-05
188,15,5.96E-05
189,15,0.067979747
190,15,4.82E-05
191,15,6.58E-07
192,15,2.96E-04
193,15,3.38E-06
194,15,2.81E-05
1,16,0.02678109
2,16,0.021423008
3,16,-2.39E-05
4,16,0.010242974
5,16,-7.05E-06
6,16,4.01E-04
7,16,7.00E-06
8,16,2.41E-05
9,16,5.93E-06
10,16,5.93E-06
11,16,-9.58E-07
12,16,1.90E-05
13,16,1.05E-05
14,16,0.041007362
15,16,9.40E-07
16,16,1.88E-05
17,16,3.16E-05
18,16,0.047298899
19,16,0.808443623
20,16,0.091500178
21,16,-1.69E-06
22,16,0.007549091
23,16,6.82E-07
24,16,4.27E-05
25,16,1.55E-04
26,16,2.10E-05
27,16,-5.82E-05
28,16,9.41E-05
29,16,2.10E-06
30,16,0.021428729
31,16,1.76E-06
32,16,1.38E-05
33,16,3.73E-05
34,16,9.14E-05
35,16,-7.67E-06
36,16,2.40E-05
37,16,2.14E-06
38,16,4.56E-05
39,16,1.07E-05
40,16,1.37E-05
41,16,0.010500151
42,16,0.020260099
43,16,1.43E-06
44,16,5.09E-05
45,16,1.53E-06
46,16,1.04E-04
47,16,1.37E-05
48,16,1.31E-04
49,16,0.070607226
50,16,0.011326216
51,16,8.74E-06
52,16,1.13E-04
53,16,2.35E-06
54,16,6.57E-05
55,16,-1.27E-06
56,16,7.54E-05
57,16,0.042475682
58,16,0.034831214
59,16,0.085342465
60,16,0.005437385
61,16,0.317119932
62,16,1.36E-04
63,16,-1.16E-06
64,16,1.64E-04
65,16,8.46E-05
66,16,3.46E-05
67,16,1.64E-05
68,16,0.011075273
69,16,7.96E-06
70,16,2.06E-05
71,16,-1.39E-06
72,16,2.80E-05
73,16,2.41E-05
74,16,8.75E-05
75,16,3.06E-05
76,16,0.006610732
77,16,1.38E-06
78,16,0.032452403
79,16,9.35E-06
80,16,1.95E-05
81,16,5.32E-05
82,16,1.24E-05
83,16,3.49E-07
84,16,1.72E-05
85,16,5.83E-06
86,16,1.64E-04
87,16,1.06E-06
88,16,1.09E-04
89,16,0.290355059
90,16,0.338664668
91,16,4.72E-06
92,16,1.96E-05
93,16,2.43E-05
94,16,0.091673573
95,16,-8.17E-04
96,16,0.004632974
97,16,0.006503329
98,16,1.71E-05
99,16,0.260963779
100,16,0.007653291
101,16,0.101502836
102,16,7.85E-05
103,16,1.79E-04
104,16,0.921634952
105,16,0.050420503
106,16,0.665060147
107,16,5.16E-05
108,16,0.002563198
109,16,6.61E-08
110,16,0.001599205
111,16,4.45E-05
112,16,1.93E-05
113,16,0.136681314
114,16,2.23E-05
115,16,1.45E-06
116,16,1.63E-05
117,16,1.64E-06
118,16,4.02E-05
119,16,4.91E-06
120,16,1.05E-04
121,16,3.05E-04
122,16,3.30E-05
123,16,3.20E-06
124,16,4.45E-05
125,16,5.54E-06
126,16,4.59E-04
127,16,-4.43E-07
128,16,0.118115441
129,16,2.54E-05
130,16,7.61E-05
131,16,1.04E-05
132,16,1.01E-04
133,16,5.60E-06
134,16,2.98E-05
135,16,1.31E-06
136,16,5.97E-05
137,16,2.16E-05
138,16,0.075580545
139,16,-4.72E-07
140,16,0.897021997
141,16,1.55E-06
142,16,2.55E-05
143,16,9.26E-06
144,16,0.01734792
145,16,0.00920119
146,16,0.004055694
147,16,-2.23E-06
148,16,0.016099154
149,16,0.807714795
150,16,0.010194994
151,16,0.070263319
152,16,0.227860109
153,16,0.005928877
154,16,2.22E-04
155,16,0.067352659
156,16,4.59E-05
157,16,2.98E-06
158,16,0.002030229
159,16,2.37E-05
160,16,1.36E-05
161,16,3.25E-05
162,16,0.169446054
163,16,-2.78E-07
164,16,3.79E-05
165,16,1.25E-06
166,16,8.91E-04
167,16,0.045965124
168,16,0.069414433
169,16,5.69E-06
170,16,2.25E-05
171,16,3.68E-06
172,16,8.96E-05
173,16,0.174250443
174,16,0.011528642
175,16,-1.75E-06
176,16,1.37E-05
177,16,6.55E-04
178,16,0.045965124
179,16,0.004175528
180,16,0.039950186
181,16,5.10E-06
182,16,3.26E-04
183,16,2.21E-05
184,16,0.011706326
185,16,2.56E-05
186,16,0.102407042
187,16,0.006476421
188,16,0.011130103
189,16,-0.00191521
190,16,4.97E-05
191,16,1.54E-05
192,16,0.045913926
193,16,5.69E-06
194,16,1.30E-04
1,17,6.03E-05
2,17,3.07E-05
3,17,2.61E-04
4,17,2.94E-05
5,17,-4.36E-06
6,17,1.39E-05
7,17,8.07E-07
8,17,6.85E-04
9,17,4.84E-06
10,17,4.84E-06
11,17,2.13E-06
12,17,1.07E-05
13,17,1.45E-05
14,17,0.064386216
15,17,3.91E-07
16,17,0.008820494
17,17,0.031398992
18,17,1.55E-05
19,17,-1.44E-04
20,17,1.84E-05
21,17,-5.87E-07
22,17,0.006067839
23,17,0.022184033
24,17,1.87E-05
25,17,1.35E-04
26,17,0.027617873
27,17,-5.49E-06
28,17,0.003196814
29,17,3.25E-06
30,17,1.23E-05
31,17,9.77E-07
32,17,6.77E-06
33,17,3.72E-05
34,17,0.017960935
35,17,-9.58E-07
36,17,2.22E-05
37,17,5.16E-05
38,17,0.008450464
39,17,4.94E-06
40,17,1.17E-05
41,17,1.76E-05
42,17,2.60E-04
43,17,-8.75E-08
44,17,0.003092234
45,17,6.41E-07
46,17,0.002808364
47,17,0.005971704
48,17,1.79E-05
49,17,5.53E-05
50,17,0.006988845
51,17,8.61E-08
52,17,2.29E-05
53,17,5.75E-06
54,17,3.73E-04
55,17,-2.21E-07
56,17,2.63E-05
57,17,3.49E-05
58,17,7.22E-06
59,17,2.44E-06
60,17,3.48E-05
61,17,1.41E-06
62,17,3.55E-05
63,17,-1.14E-06
64,17,3.73E-05
65,17,3.16E-05
66,17,3.22E-05
67,17,3.55E-06
68,17,0.006268389
69,17,-1.84E-07
70,17,3.11E-04
71,17,9.27E-04
72,17,1.92E-05
73,17,0.002337482
74,17,0.001596653
75,17,5.12E-06
76,17,0.021224208
77,17,-7.56E-07
78,17,6.81E-05
79,17,-1.03E-05
80,17,1.24E-05
81,17,1.26E-05
82,17,2.88E-05
83,17,7.22E-07
84,17,6.57E-05
85,17,0.04412139
86,17,0.202709813
87,17,9.19E-07
88,17,3.81E-04
89,17,0.014030517
90,17,1.13E-05
91,17,5.22E-06
92,17,0.004218856
93,17,8.56E-07
94,17,5.60E-05
95,17,5.06E-06
96,17,1.19E-05
97,17,0.004903646
98,17,0.00206433
99,17,-2.96E-07
100,17,1.06E-05
101,17,-7.44E-06
102,17,0.08365762
103,17,2.26E-07
104,17,6.64E-04
105,17,2.22E-05
106,17,1.24E-05
107,17,9.36E-06
108,17,2.73E-04
109,17,-1.28E-06
110,17,0.023325222
111,17,1.05E-05
112,17,0.001206405
113,17,1.34E-05
114,17,1.08E-04
115,17,4.63E-06
116,17,0.006433897
117,17,0.684991385
118,17,0.042570343
119,17,1.47E-06
120,17,1.44E-05
121,17,0.006818919
122,17,0.001231261
123,17,1.40E-06
124,17,1.05E-05
125,17,6.77E-06
126,17,3.16E-05
127,17,2.78E-06
128,17,7.82E-06
129,17,1.53E-04
130,17,6.94E-06
131,17,1.07E-05
132,17,2.02E-04
133,17,1.09E-06
134,17,1.33E-05
135,17,4.68E-06
136,17,0.002256293
137,17,9.65E-05
138,17,0.00571922
139,17,1.14E-06
140,17,9.66E-05
141,17,3.42E-06
142,17,1.70E-05
143,17,6.00E-06
144,17,4.85E-05
145,17,0.05043648
146,17,3.77E-05
147,17,0.955910152
148,17,9.28E-05
149,17,0.001291587
150,17,6.18E-05
151,17,-2.19E-06
152,17,1.10E-05
153,17,1.85E-05
154,17,0.018513676
155,17,1.14E-06
156,17,1.34E-05
157,17,3.93E-05
158,17,0.013281121
159,17,1.81E-05
160,17,3.38E-05
161,17,0.004377115
162,17,6.08E-05
163,17,2.40E-06
164,17,1.20E-05
165,17,1.13E-05
166,17,1.61E-05
167,17,6.63E-05
168,17,3.04E-04
169,17,3.92E-06
170,17,0.843043467
171,17,-6.14E-04
172,17,0.002621416
173,17,2.30E-06
174,17,7.98E-05
175,17,-2.17E-06
176,17,4.30E-05
177,17,1.65E-05
178,17,6.63E-05
179,17,4.43E-05
180,17,8.68E-05
181,17,1.46E-05
182,17,0.031053589
183,17,3.24E-06
184,17,1.34E-05
185,17,0.003774634
186,17,0.004780841
187,17,1.65E-04
188,17,0.013451499
189,17,6.79E-07
190,17,0.046678605
191,17,0.846856887
192,17,0.81731771
193,17,3.92E-06
194,17,0.003835966
1,18,0.135829873
2,18,7.21E-04
3,18,0.238954658
4,18,5.05E-05
5,18,-1.13E-06
6,18,4.31E-05
7,18,4.18E-06
8,18,0.004441525
9,18,6.36E-06
10,18,6.36E-06
11,18,1.73E-06
12,18,1.09E-05
13,18,2.13E-05
14,18,0.12130234
15,18,6.02E-07
16,18,0.092491403
17,18,0.117190483
18,18,0.078895479
19,18,-0.073891859
20,18,0.041380019
21,18,-1.01E-06
22,18,0.099153638
23,18,7.10E-04
24,18,0.147314999
25,18,3.32E-04
26,18,0.001213333
27,18,-4.32E-06
28,18,2.40E-04
29,18,1.82E-06
30,18,0.003385519
31,18,2.50E-06
32,18,1.66E-05
33,18,1.05E-04
34,18,3.67E-05
35,18,-3.33E-07
36,18,3.56E-05
37,18,-2.45E-06
38,18,0.072458429
39,18,0.109288618
40,18,9.59E-05
41,18,0.206211064
42,18,1.29E-04
43,18,2.28E-06
44,18,7.98E-04
45,18,3.64E-06
46,18,0.05383839
47,18,0.066724542
48,18,0.005307466
49,18,0.016349774
50,18,1.18E-04
51,18,1.53E-06
52,18,0.009855269
53,18,5.55E-05
54,18,0.001976596
55,18,1.10E-06
56,18,0.062810653
57,18,0.10002624
58,18,2.11E-04
59,18,1.75E-06
60,18,9.05E-04
61,18,2.49E-07
62,18,1.53E-04
63,18,-1.14E-06
64,18,0.058252977
65,18,7.51E-05
66,18,1.17E-04
67,18,6.02E-06
68,18,0.08896617
69,18,2.68E-07
70,18,0.808532231
71,18,0.185687714
72,18,0.022845253
73,18,9.10E-05
74,18,3.20E-05
75,18,1.61E-04
76,18,0.03523938
77,18,6.82E-07
78,18,0.034301274
79,18,0.001657655
80,18,3.05E-05
81,18,0.010484659
82,18,0.013232949
83,18,2.02E-06
84,18,1.83E-05
85,18,0.110477612
86,18,2.38E-04
87,18,6.42E-07
88,18,4.12E-04
89,18,0.028900216
90,18,0.007482494
91,18,1.47E-05
92,18,0.072798689
93,18,4.62E-06
94,18,1.05E-04
95,18,-2.49E-04
96,18,1.24E-05
97,18,0.088850449
98,18,1.88E-05
99,18,1.19E-06
100,18,0.010464909
101,18,0.033830031
102,18,0.147458831
103,18,5.83E-07
104,18,0.006237582
105,18,0.89069855
106,18,0.02815159
107,18,0.020457532
108,18,3.85E-05
109,18,-1.06E-06
110,18,0.0013746
111,18,8.45E-04
112,18,3.15E-05
113,18,1.59E-04
114,18,0.030446384
115,18,1.52E-06
116,18,0.062645221
117,18,2.18E-06
118,18,1.28E-04
119,18,-8.87E-07
120,18,0.004091761
121,18,3.49E-05
122,18,6.84E-06
123,18,5.45E-06
124,18,8.45E-04
125,18,6.81E-06
126,18,8.10E-05
127,18,1.64E-06
128,18,1.27E-05
129,18,0.008281079
130,18,8.24E-06
131,18,7.22E-06
132,18,6.11E-05
133,18,1.19E-05
134,18,2.01E-05
135,18,3.41E-06
136,18,0.006379317
137,18,0.016515025
138,18,0.042736928
139,18,7.18E-07
140,18,0.042524216
141,18,0.999859499
142,18,0.980190273
143,18,0.782923764
144,18,0.125999886
145,18,0.052827924
146,18,1.49E-05
147,18,-5.62E-07
148,18,0.054394005
149,18,1.33E-05
150,18,0.022218268
151,18,9.91E-06
152,18,1.20E-05
153,18,0.026334229
154,18,4.59E-05
155,18,1.63E-06
156,18,9.92E-06
157,18,3.25E-06
158,18,7.89E-05
159,18,3.15E-05
160,18,1.62E-05
161,18,2.35E-05
162,18,3.23E-04
163,18,1.38E-06
164,18,0.005215198
165,18,-6.90E-05
166,18,0.022632057
167,18,0.004014507
168,18,6.07E-05
169,18,4.98E-06
170,18,0.003933324
171,18,-1.81E-04
172,18,0.07394376
173,18,5.54E-06
174,18,0.017249522
175,18,-6.76E-07
176,18,0.027539387
177,18,0.009788082
178,18,0.004014507
179,18,-3.48E-05
180,18,0.026964332
181,18,1.84E-05
182,18,0.002810301
183,18,0.04380961
184,18,0.001333146
185,18,0.028121579
186,18,0.030953486
187,18,-9.24E-05
188,18,0.031845887
189,18,0.100577739
190,18,0.034628133
191,18,0.153034501
192,18,0.086242531
193,18,4.98E-06
194,18,1.89E-04
1,19,1.96E-05
2,19,1.96E-05
3,19,2.70E-05
4,19,2.06E-05
5,19,-5.72E-06
6,19,0.00401621
7,19,4.14E-06
8,19,0.023381175
9,19,4.13E-06
10,19,4.13E-06
11,19,-2.29E-07
12,19,1.46E-04
13,19,1.24E-05
14,19,2.86E-05
15,19,3.21E-06
16,19,3.77E-05
17,19,4.38E-04
18,19,2.03E-05
19,19,-0.041301927
20,19,3.76E-05
21,19,4.99E-06
22,19,0.013569658
23,19,5.91E-06
24,19,0.016465349
25,19,7.04E-04
26,19,2.31E-05
27,19,2.99E-06
28,19,1.08E-05
29,19,1.79E-06
30,19,0.005942848
31,19,2.14E-06
32,19,1.81E-05
33,19,0.004233905
34,19,0.717935672
35,19,-1.34E-05
36,19,1.07E-05
37,19,1.23E-05
38,19,0.014493229
39,19,0.267079104
40,19,0.04670968
41,19,0.639915173
42,19,0.888876974
43,19,8.83E-07
44,19,0.001276396
45,19,1.81E-06
46,19,1.09E-05
47,19,0.012944831
48,19,1.10E-05
49,19,0.014059156
50,19,4.86E-05
51,19,-2.44E-07
52,19,0.014876605
53,19,-2.13E-07
54,19,0.007337184
55,19,1.09E-05
56,19,2.70E-04
57,19,0.014876023
58,19,4.14E-05
59,19,3.52E-07
60,19,2.00E-04
61,19,1.04E-06
62,19,0.018756166
63,19,-9.72E-07
64,19,9.94E-05
65,19,3.62E-05
66,19,1.34E-05
67,19,2.07E-06
68,19,2.95E-05
69,19,1.66E-06
70,19,0.113419735
71,19,-7.81E-07
72,19,0.023294565
73,19,2.86E-05
74,19,2.59E-05
75,19,2.57E-04
76,19,2.60E-04
77,19,7.25E-08
78,19,0.014707489
79,19,1.43E-05
80,19,8.04E-05
81,19,6.48E-05
82,19,1.18E-05
83,19,-3.33E-07
84,19,4.56E-05
85,19,7.16E-06
86,19,1.08E-04
87,19,-2.83E-07
88,19,7.18E-05
89,19,6.79E-04
90,19,0.026768062
91,19,2.71E-06
92,19,1.09E-04
93,19,5.42E-06
94,19,4.07E-05
95,19,3.364079313
96,19,1.88E-05
97,19,0.057325564
98,19,2.13E-05
99,19,1.46E-07
100,19,0.001386937
101,19,-7.16E-05
102,19,1.38E-05
103,19,-2.78E-06
104,19,2.36E-05
105,19,1.67E-05
106,19,0.00749327
107,19,6.45E-06
108,19,1.04E-05
109,19,3.19E-07
110,19,0.020244417
111,19,1.69E-05
112,19,9.20E-06
113,19,0.017588046
114,19,0.006865121
115,19,4.02E-06
116,19,4.34E-05
117,19,2.34E-06
118,19,0.047150685
119,19,2.45E-07
120,19,0.095182394
121,19,1.26E-05
122,19,1.01E-05
123,19,5.52E-07
124,19,1.69E-05
125,19,4.26E-06
126,19,1.55E-05
127,19,-5.38E-07
128,19,2.37E-04
129,19,2.38E-04
130,19,5.47E-06
131,19,5.33E-06
132,19,1.60E-05
133,19,2.78E-06
134,19,1.46E-05
135,19,1.68E-05
136,19,0.001184733
137,19,0.001755129
138,19,6.49E-04
139,19,1.10E-07
140,19,0.002355849
141,19,1.30E-06
142,19,1.00E-05
143,19,1.48E-06
144,19,0.038097627
145,19,2.19E-05
146,19,4.12E-05
147,19,-2.26E-07
148,19,7.62E-05
149,19,3.14E-05
150,19,0.004686845
151,19,4.14E-06
152,19,1.19E-05
153,19,7.87E-05
154,19,2.10E-05
155,19,1.80E-06
156,19,1.56E-05
157,19,7.82E-06
158,19,1.58E-05
159,19,0.033626048
160,19,1.57E-05
161,19,1.98E-05
162,19,1.74E-05
163,19,-3.35E-07
164,19,0.012192376
165,19,-3.90E-05
166,19,4.17E-05
167,19,4.72E-05
168,19,0.028433977
169,19,3.76E-06
170,19,3.78E-05
171,19,8.50E-06
172,19,0.004407466
173,19,2.80E-06
174,19,0.00144005
175,19,0.021672872
176,19,0.001230402
177,19,0.006287569
178,19,4.72E-05
179,19,-4.98E-06
180,19,0.063628388
181,19,-1.11E-05
182,19,0.018106705
183,19,1.03E-05
184,19,1.70E-05
185,19,2.72E-05
186,19,0.060477456
187,19,0.767965158
188,19,0.007286026
189,19,0.018814757
190,19,1.34E-04
191,19,2.96E-06
192,19,0.012073907
193,19,3.76E-06
194,19,4.00E-05
1,20,0.027644
2,20,1.95E-05
3,20,-9.12E-06
4,20,0.001595562
5,20,-1.00E-06
6,20,0.961325431
7,20,0.097130636
8,20,3.20E-05
9,20,5.76E-06
10,20,5.76E-06
11,20,-2.11E-06
12,20,3.36E-05
13,20,2.58E-06
14,20,0.007746558
15,20,1.53E-06
16,20,9.83E-04
17,20,5.58E-05
18,20,2.69E-04
19,20,-0.001726374
20,20,0.046822951
21,20,-2.31E-07
22,20,0.002696889
23,20,-1.05E-06
24,20,3.04E-05
25,20,0.001338502
26,20,0.001908091
27,20,2.27E-06
28,20,5.66E-05
29,20,5.29E-06
30,20,0.010021303
31,20,6.50E-06
32,20,3.83E-05
33,20,1.25E-05
34,20,0.001318487
35,20,-7.09E-07
36,20,2.70E-05
37,20,2.42E-05
38,20,0.027663568
39,20,1.78E-05
40,20,2.23E-05
41,20,0.022326542
42,20,3.73E-05
43,20,1.85E-07
44,20,7.39E-04
45,20,1.73E-06
46,20,0.222165305
47,20,-1.09E-05
48,20,2.54E-05
49,20,1.35E-05
50,20,0.014317243
51,20,7.68E-07
52,20,0.018089845
53,20,-2.20E-06
54,20,2.42E-05
55,20,8.18E-07
56,20,0.010535161
57,20,0.003610414
58,20,7.22E-06
59,20,0.019476088
60,20,3.42E-04
61,20,8.07E-07
62,20,4.64E-04
63,20,-5.08E-07
64,20,0.01363672
65,20,2.24E-05
66,20,0.012362511
67,20,3.07E-06
68,20,0.025612438
69,20,9.29E-07
70,20,2.61E-05
71,20,-0.00425829
72,20,3.64E-04
73,20,3.52E-05
74,20,6.00E-05
75,20,2.24E-05
76,20,0.708224349
77,20,-1.20E-06
78,20,0.001505124
79,20,9.47E-07
80,20,0.001434171
81,20,1.10E-05
82,20,0.004738992
83,20,3.94E-07
84,20,6.21E-05
85,20,1.15E-06
86,20,9.68E-05
87,20,0.05773721
88,20,0.004378275
89,20,0.018312004
90,20,8.04E-05
91,20,2.17E-06
92,20,0.173819704
93,20,5.72E-05
94,20,3.43E-05
95,20,-2.351429546
96,20,0.001055863
97,20,0.008768521
98,20,2.39E-04
99,20,1.79E-06
100,20,0.002003224
101,20,2.07E-07
102,20,0.082830203
103,20,-1.08E-06
104,20,3.02E-05
105,20,1.72E-05
106,20,0.005000954
107,20,0.002330458
108,20,0.914483242
109,20,3.07E-04
110,20,0.006413373
111,20,8.11E-04
112,20,3.48E-05
113,20,1.12E-05
114,20,0.002881212
115,20,0.026788947
116,20,1.29E-05
117,20,3.61E-06
118,20,2.10E-05
119,20,-8.05E-07
120,20,1.39E-05
121,20,0.13218302
122,20,1.22E-05
123,20,8.61E-07
124,20,8.11E-04
125,20,5.00E-06
126,20,1.30E-04
127,20,3.26E-06
128,20,0.01320798
129,20,8.81E-05
130,20,1.43E-05
131,20,3.15E-05
132,20,0.003323082
133,20,2.51E-06
134,20,1.27E-05
135,20,5.39E-07
136,20,3.04E-05
137,20,0.004115599
138,20,3.17E-05
139,20,0.016621297
140,20,2.35E-05
141,20,1.74E-06
142,20,4.18E-05
143,20,3.05E-05
144,20,1.81E-05
145,20,1.48E-05
146,20,2.48E-05
147,20,-4.90E-07
148,20,0.015957921
149,20,-2.84E-05
150,20,0.001863922
151,20,5.54E-05
152,20,0.091730392
153,20,0.032722365
154,20,0.001431003
155,20,1.17E-06
156,20,4.96E-06
157,20,7.90E-06
158,20,0.020116326
159,20,-6.42E-06
160,20,1.62E-05
161,20,0.012329654
162,20,8.34E-06
163,20,0.016231483
164,20,0.026395202
165,20,-0.021634056
166,20,0.003998774
167,20,1.04E-04
168,20,2.87E-05
169,20,3.46E-06
170,20,1.25E-05
171,20,8.86E-06
172,20,0.004319998
173,20,0.07125729
174,20,0.014645103
175,20,-1.06E-06
176,20,1.93E-05
177,20,0.001425686
178,20,1.04E-04
179,20,0.480916811
180,20,0.010501963
181,20,1.24E-05
182,20,0.002584547
183,20,3.20E-06
184,20,1.78E-05
185,20,1.39E-05
186,20,9.57E-05
187,20,3.37E-05
188,20,0.002295664
189,20,5.65E-06
190,20,0.002801035
191,20,7.64E-07
192,20,5.83E-05
193,20,3.46E-06
194,20,1.64E-05
1,21,0.009856274
2,21,0.062444712
3,21,-4.07E-06
4,21,0.016273998
5,21,8.54E-06
6,21,1.45E-04
7,21,5.24E-07
8,21,1.79E-05
9,21,4.48E-06
10,21,4.48E-06
11,21,-1.16E-06
12,21,2.96E-04
13,21,-1.05E-05
14,21,1.34E-05
15,21,0.011689459
16,21,1.00E-05
17,21,2.68E-05
18,21,3.81E-05
19,21,-3.90E-06
20,21,1.39E-05
21,21,9.02E-07
22,21,0.001510526
23,21,4.45E-07
24,21,0.002528497
25,21,0.014220842
26,21,5.95E-05
27,21,-9.94E-05
28,21,0.002859569
29,21,2.58E-06
30,21,0.005685127
31,21,0.15488819
32,21,0.0094763
33,21,0.014104432
34,21,1.93E-05
35,21,-1.20E-06
36,21,0.149752855
37,21,-1.60E-06
38,21,2.85E-05
39,21,6.03E-05
40,21,7.68E-06
41,21,1.71E-05
42,21,8.12E-04
43,21,-1.08E-06
44,21,1.10E-05
45,21,-2.62E-07
46,21,2.88E-05
47,21,-0.006808868
48,21,0.001199738
49,21,6.50E-04
50,21,2.11E-05
51,21,4.38E-07
52,21,0.004160914
53,21,9.91E-06
54,21,0.010720915
55,21,0.001336118
56,21,7.76E-04
57,21,0.003818495
58,21,1.73E-05
59,21,7.40E-06
60,21,3.39E-04
61,21,8.29E-07
62,21,0.004363105
63,21,-1.45E-06
64,21,0.016194889
65,21,0.01012507
66,21,0.003663453
67,21,2.21E-06
68,21,0.005417206
69,21,4.66E-06
70,21,8.33E-06
71,21,4.83E-06
72,21,3.61E-05
73,21,4.11E-05
74,21,8.69E-06
75,21,-0.001796735
76,21,0.02037098
77,21,-1.20E-06
78,21,5.36E-05
79,21,2.60E-07
80,21,0.0084067
81,21,2.52E-05
82,21,0.042179523
83,21,0.70461181
84,21,0.074037262
85,21,1.77E-06
86,21,2.07E-04
87,21,1.73E-06
88,21,0.04012568
89,21,0.003962498
90,21,0.002501303
91,21,1.24E-06
92,21,0.004850944
93,21,3.21E-06
94,21,3.26E-05
95,21,3.46E-06
96,21,2.22E-05
97,21,7.30E-06
98,21,3.01E-05
99,21,-2.95E-07
100,21,5.43E-04
101,21,1.13E-05
102,21,8.49E-05
103,21,-1.49E-07
104,21,0.00468333
105,21,8.23E-06
106,21,0.00897203
107,21,2.75E-05
108,21,1.66E-05
109,21,-3.03E-08
110,21,3.08E-05
111,21,0.649362406
112,21,0.905296635
113,21,0.00304243
114,21,7.96E-06
115,21,7.16E-06
116,21,6.99E-04
117,21,8.45E-06
118,21,1.99E-05
119,21,3.22E-06
120,21,1.94E-04
121,21,3.81E-05
122,21,7.23E-06
123,21,0.999066452
124,21,0.649362406
125,21,0.998183996
126,21,4.72E-05
127,21,0.828408464
128,21,1.38E-05
129,21,2.42E-05
130,21,2.26E-05
131,21,2.30E-06
132,21,1.40E-05
133,21,1.42E-05
134,21,1.22E-05
135,21,1.00E-05
136,21,8.64E-05
137,21,1.09E-05
138,21,9.04E-05
139,21,7.17E-08
140,21,0.00378997
141,21,2.97E-06
142,21,9.23E-05
143,21,8.81E-06
144,21,2.50E-05
145,21,1.47E-04
146,21,0.002386652
147,21,2.84E-07
148,21,0.004105414
149,21,1.21E-05
150,21,2.47E-05
151,21,7.09E-07
152,21,1.44E-04
153,21,2.52E-05
154,21,9.52E-05
155,21,2.48E-05
156,21,4.06E-05
157,21,2.68E-06
158,21,0.459971391
159,21,0.119032265
160,21,0.927436102
161,21,1.34E-05
162,21,0.001556554
163,21,-1.71E-06
164,21,0.004903237
165,21,8.89E-06
166,21,9.77E-05
167,21,3.23E-05
168,21,1.86E-04
169,21,4.41E-06
170,21,1.56E-05
171,21,-1.95E-05
172,21,0.019860244
173,21,2.96E-06
174,21,0.007777438
175,21,-3.40E-06
176,21,1.74E-05
177,21,1.88E-05
178,21,3.23E-05
179,21,-1.11E-05
180,21,1.95E-05
181,21,0.006584108
182,21,0.008838922
183,21,2.20E-06
184,21,1.89E-05
185,21,6.30E-05
186,21,1.62E-05
187,21,2.26E-06
188,21,7.51E-06
189,21,6.78E-07
190,21,0.005767374
191,21,1.65E-07
192,21,1.91E-05
193,21,4.41E-06
194,21,0.003356396
1,22,0.113437188
2,22,8.17E-05
3,22,8.32E-06
4,22,2.41E-05
5,22,0.027678845
6,22,2.03E-05
7,22,0.843312083
8,22,0.039309771
9,22,5.79E-06
10,22,5.79E-06
11,22,0.999961292
12,22,1.49E-05
13,22,8.06E-06
14,22,0.03920982
15,22,7.12E-07
16,22,8.24E-06
17,22,2.27E-05
18,22,0.008080748
19,22,0.001063954
20,22,0.029277196
21,22,-7.83E-07
22,22,0.007682784
23,22,0.170470461
24,22,1.52E-05
25,22,4.03E-04
26,22,2.30E-05
27,22,0.882901873
28,22,0.011786369
29,22,1.83E-06
30,22,0.54552779
31,22,4.18E-06
32,22,7.45E-06
33,22,5.12E-05
34,22,2.02E-05
35,22,-7.76E-07
36,22,6.40E-04
37,22,9.99E-07
38,22,0.759761138
39,22,0.599836697
40,22,0.790016144
41,22,0.03816536
42,22,0.002033062
43,22,2.36E-06
44,22,0.007637023
45,22,2.69E-06
46,22,0.048690412
47,22,0.716644578
48,22,3.96E-05
49,22,1.49E-05
50,22,5.38E-04
51,22,-2.07E-08
52,22,0.029143017
53,22,7.45E-07
54,22,0.033464204
55,22,1.25E-06
56,22,6.63E-05
57,22,0.048738302
58,22,3.29E-05
59,22,2.79E-06
60,22,3.27E-05
61,22,1.46E-07
62,22,0.014279312
63,22,-7.13E-07
64,22,8.52E-05
65,22,2.10E-05
66,22,2.66E-05
67,22,1.55E-06
68,22,8.64E-05
69,22,1.71E-07
70,22,7.90E-05
71,22,-3.94E-04
72,22,0.033217059
73,22,0.001098931
74,22,2.62E-05
75,22,0.562705741
76,22,3.67E-04
77,22,3.69E-07
78,22,1.51E-05
79,22,2.74E-05
80,22,4.75E-05
81,22,2.10E-05
82,22,0.001807986
83,22,9.02E-07
84,22,2.66E-04
85,22,9.91E-06
86,22,2.83E-04
87,22,9.79E-07
88,22,0.206985186
89,22,3.58E-05
90,22,0.007568686
91,22,1.74E-05
92,22,3.07E-05
93,22,-9.18E-05
94,22,5.95E-05
95,22,-0.0461434
96,22,1.81E-05
97,22,0.052464524
98,22,1.49E-05
99,22,5.80E-06
100,22,1.44E-05
101,22,0.145438579
102,22,0.491591259
103,22,-5.62E-06
104,22,1.20E-05
105,22,3.94E-05
106,22,1.29E-05
107,22,3.54E-04
108,22,2.23E-05
109,22,-1.63E-06
110,22,0.09942899
111,22,1.45E-05
112,22,8.26E-06
113,22,0.001460425
114,22,3.10E-05
115,22,4.59E-06
116,22,0.00128502
117,22,-4.08E-06
118,22,4.37E-05
119,22,-1.46E-07
120,22,1.77E-05
121,22,0.010613421
122,22,8.08E-06
123,22,3.35E-06
124,22,1.45E-05
125,22,2.68E-06
126,22,4.38E-05
127,22,2.06E-06
128,22,2.40E-05
129,22,9.54E-04
130,22,8.37E-06
131,22,3.99E-05
132,22,1.63E-05
133,22,0.074268835
134,22,8.71E-06
135,22,7.99E-07
136,22,1.38E-05
137,22,0.004489433
138,22,0.286354637
139,22,-3.97E-07
140,22,1.31E-05
141,22,4.12E-07
142,22,1.31E-05
143,22,1.38E-05
144,22,0.056121313
145,22,3.92E-05
146,22,1.30E-05
147,22,-1.25E-06
148,22,0.015033991
149,22,0.01465398
150,22,1.27E-04
151,22,3.87E-06
152,22,7.12E-06
153,22,4.53E-05
154,22,0.025579171
155,22,1.32E-06
156,22,1.98E-05
157,22,3.20E-06
158,22,1.88E-05
159,22,3.72E-05
160,22,0.015956079
161,22,0.550114946
162,22,1.64E-05
163,22,2.24E-06
164,22,1.98E-05
165,22,0.167453909
166,22,3.46E-05
167,22,6.26E-05
168,22,3.88E-05
169,22,4.09E-06
170,22,1.77E-05
171,22,1.35E-05
172,22,0.006304168
173,22,2.72E-06
174,22,0.062199474
175,22,-2.45E-06
176,22,9.97E-05
177,22,4.70E-05
178,22,6.26E-05
179,22,5.62E-05
180,22,4.22E-05
181,22,2.77E-05
182,22,0.039173141
183,22,1.27E-04
184,22,0.003117882
185,22,1.48E-05
186,22,0.002015326
187,22,-2.43E-05
188,22,1.74E-04
189,22,0.003114946
190,22,0.011793901
191,22,3.45E-07
192,22,0.004426394
193,22,4.09E-06
194,22,0.003229028
1,23,0.004141301
2,23,8.97E-04
3,23,-1.79E-05
4,23,1.61E-05
5,23,-1.18E-06
6,23,3.53E-05
7,23,2.33E-06
8,23,0.659582518
9,23,4.43E-06
10,23,4.43E-06
11,23,-7.28E-07
12,23,7.11E-06
13,23,5.09E-06
14,23,3.94E-05
15,23,7.13E-06
16,23,7.50E-06
17,23,1.68E-05
18,23,8.28E-05
19,23,-3.35E-04
20,23,0.665937357
21,23,4.78E-06
22,23,0.015683166
23,23,2.94E-06
24,23,0.008446743
25,23,0.012888505
26,23,9.36E-06
27,23,4.03E-06
28,23,3.29E-05
29,23,3.87E-06
30,23,8.91E-06
31,23,2.50E-06
32,23,1.32E-05
33,23,0.003875802
34,23,3.79E-05
35,23,-7.92E-07
36,23,7.49E-06
37,23,1.32E-05
38,23,2.80E-04
39,23,1.03E-04
40,23,9.04E-05
41,23,2.72E-05
42,23,3.00E-04
43,23,1.92E-07
44,23,0.004072185
45,23,1.12E-06
46,23,1.49E-05
47,23,1.13E-05
48,23,0.681509288
49,23,0.007251717
50,23,8.30E-05
51,23,2.04E-06
52,23,0.004913136
53,23,1.53E-05
54,23,0.009450587
55,23,2.97E-05
56,23,3.69E-05
57,23,9.90E-05
58,23,0.00257381
59,23,4.04E-06
60,23,0.27026253
61,23,5.99E-06
62,23,3.58E-05
63,23,-1.75E-07
64,23,2.54E-05
65,23,5.06E-04
66,23,1.86E-05
67,23,1.53E-05
68,23,0.010929836
69,23,-1.94E-06
70,23,1.06E-05
71,23,1.81E-07
72,23,4.99E-05
73,23,1.30E-05
74,23,0.013410387
75,23,0.109503853
76,23,0.00131643
77,23,9.57E-07
78,23,0.004346257
79,23,1.26E-05
80,23,1.42E-05
81,23,1.71E-05
82,23,2.39E-05
83,23,5.29E-07
84,23,1.60E-05
85,23,2.17E-06
86,23,4.12E-04
87,23,-1.77E-07
88,23,9.75E-04
89,23,1.47E-05
90,23,0.001291136
91,23,1.96E-05
92,23,2.59E-05
93,23,-3.00E-06
94,23,2.10E-04
95,23,4.12E-06
96,23,1.19E-05
97,23,0.005869823
98,23,7.59E-05
99,23,2.38E-06
100,23,3.16E-05
101,23,-2.66E-06
102,23,4.63E-05
103,23,-0.007843143
104,23,6.05E-06
105,23,1.98E-04
106,23,0.046395034
107,23,1.70E-05
108,23,8.24E-05
109,23,1.23E-07
110,23,2.67E-05
111,23,3.23E-05
112,23,8.02E-06
113,23,7.32E-05
114,23,2.41E-05
115,23,2.02E-06
116,23,1.70E-05
117,23,3.48E-07
118,23,3.12E-05
119,23,5.13E-07
120,23,7.86E-05
121,23,0.002591105
122,23,3.06E-05
123,23,2.48E-06
124,23,3.23E-05
125,23,4.39E-06
126,23,0.00667024
127,23,7.40E-07
128,23,0.728218426
129,23,3.48E-05
130,23,2.69E-05
131,23,8.13E-06
132,23,3.11E-05
133,23,1.00E-05
134,23,1.57E-05
135,23,1.04E-06
136,23,0.00320255
137,23,0.013352294
138,23,0.072026252
139,23,4.61E-07
140,23,1.64E-05
141,23,1.13E-06
142,23,7.65E-06
143,23,3.01E-06
144,23,0.005972285
145,23,0.002596655
146,23,0.002863917
147,23,-1.11E-06
148,23,0.016497873
149,23,8.07E-06
150,23,0.006156694
151,23,1.89E-05
152,23,0.010754148
153,23,1.53E-05
154,23,1.62E-05
155,23,0.887678004
156,23,8.55E-06
157,23,5.03E-06
158,23,1.65E-05
159,23,1.70E-05
160,23,1.27E-05
161,23,0.012033814
162,23,0.703352394
163,23,2.45E-06
164,23,0.024797386
165,23,3.51E-06
166,23,0.003297655
167,23,0.038184807
168,23,0.009885722
169,23,4.15E-06
170,23,2.25E-05
171,23,3.00E-06
172,23,0.024506658
173,23,4.10E-06
174,23,0.025429405
175,23,-7.98E-07
176,23,0.004399472
177,23,2.92E-05
178,23,0.038184807
179,23,-1.088199485
180,23,0.009025794
181,23,2.88E-05
182,23,4.15E-04
183,23,0.171785586
184,23,0.00103659
185,23,1.35E-05
186,23,0.045205269
187,23,1.50E-05
188,23,0.730049765
189,23,3.53E-07
190,23,1.84E-05
191,23,8.10E-07
192,23,0.003061306
193,23,4.15E-06
194,23,0.010453802
1,24,0.003661932
2,24,0.129704901
3,24,0.006453158
4,24,0.005806546
5,24,6.13E-06
6,24,1.29E-05
7,24,1.65E-06
8,24,1.17E-05
9,24,4.44E-06
10,24,4.44E-06
11,24,-3.69E-07
12,24,5.53E-05
13,24,1.31E-05
14,24,9.06E-04
15,24,6.24E-06
16,24,2.52E-05
17,24,0.010457623
18,24,0.008786581
19,24,0.057923873
20,24,0.00162426
21,24,-2.36E-07
22,24,0.007601032
23,24,4.24E-06
24,24,1.69E-05
25,24,5.97E-05
26,24,2.66E-05
27,24,6.57E-06
28,24,3.09E-05
29,24,3.71E-06
30,24,1.79E-05
31,24,0.10701641
32,24,0.004542393
33,24,1.25E-04
34,24,4.65E-05
35,24,-1.48E-06
36,24,2.67E-04
37,24,0.001637133
38,24,3.43E-05
39,24,3.42E-05
40,24,5.60E-05
41,24,1.67E-05
42,24,0.00391127
43,24,4.90E-07
44,24,1.87E-05
45,24,4.16E-07
46,24,0.008607304
47,24,1.18E-05
48,24,9.89E-06
49,24,6.95E-06
50,24,0.0019958
51,24,4.25E-06
52,24,0.006112446
53,24,3.86E-06
54,24,2.40E-05
55,24,2.59E-06
56,24,1.22E-04
57,24,4.35E-05
58,24,8.10E-06
59,24,1.56E-05
60,24,0.001317384
61,24,4.88E-07
62,24,6.28E-05
63,24,-1.50E-06
64,24,2.35E-05
65,24,0.901458932
66,24,0.883905928
67,24,2.46E-06
68,24,4.13E-05
69,24,4.76E-06
70,24,0.001058925
71,24,-3.09E-04
72,24,6.64E-05
73,24,8.72E-06
74,24,7.36E-06
75,24,-1.44E-06
76,24,4.14E-05
77,24,-1.23E-06
78,24,0.004279454
79,24,2.43E-05
80,24,0.842465556
81,24,0.479534421
82,24,0.763823569
83,24,0.295369949
84,24,0.852517975
85,24,9.20E-07
86,24,6.47E-04
87,24,-3.02E-07
88,24,1.27E-04
89,24,1.44E-05
90,24,9.69E-05
91,24,-2.34E-06
92,24,0.007305375
93,24,0.001629496
94,24,6.13E-05
95,24,1.23E-05
96,24,6.69E-05
97,24,8.49E-06
98,24,0.005231969
99,24,-3.49E-07
100,24,1.38E-05
101,24,-9.99E-04
102,24,1.37E-04
103,24,-3.76E-06
104,24,0.001039688
105,24,9.58E-06
106,24,0.00224679
107,24,0.003325344
108,24,1.59E-05
109,24,1.22E-07
110,24,1.58E-05
111,24,0.293715365
112,24,0.011957749
113,24,0.014628306
114,24,1.07E-05
115,24,9.58E-07
116,24,0.001700137
117,24,0.112101569
118,24,6.35E-05
119,24,-3.80E-07
120,24,5.68E-05
121,24,1.22E-05
122,24,7.66E-06
123,24,1.67E-05
124,24,0.293715365
125,24,1.23E-05
126,24,1.82E-05
127,24,0.161128133
128,24,1.28E-05
129,24,0.001994346
130,24,8.90E-06
131,24,7.38E-06
132,24,4.08E-05
133,24,0.005643214
134,24,7.66E-06
135,24,0.014862408
136,24,2.21E-05
137,24,0.00193305
138,24,0.001594759
139,24,2.20E-06
140,24,1.65E-05
141,24,1.11E-06
142,24,1.63E-05
143,24,3.16E-06
144,24,8.59E-06
145,24,2.18E-05
146,24,0.006050508
147,24,-8.24E-07
148,24,0.006442988
149,24,3.40E-05
150,24,3.39E-05
151,24,1.23E-06
152,24,1.30E-05
153,24,0.010620394
154,24,0.002966545
155,24,3.40E-07
156,24,7.27E-06
157,24,0.171982573
158,24,0.017407269
159,24,0.717650322
160,24,5.38E-05
161,24,1.59E-05
162,24,0.001450223
163,24,7.82E-08
164,24,2.78E-04
165,24,7.78E-06
166,24,2.91E-05
167,24,2.66E-05
168,24,2.29E-04
169,24,5.24E-06
170,24,0.003794011
171,24,0.032853212
172,24,5.00E-05
173,24,3.12E-06
174,24,1.72E-05
175,24,-1.03E-06
176,24,8.35E-06
177,24,2.92E-05
178,24,2.66E-05
179,24,-7.99E-05
180,24,2.45E-05
181,24,1.71E-05
182,24,1.45E-05
183,24,2.43E-05
184,24,0.004522221
185,24,0.022806682
186,24,0.001119502
187,24,2.80E-06
188,24,1.60E-05
189,24,8.15E-05
190,24,0.004577706
191,24,-1.13E-07
192,24,0.001871004
193,24,5.24E-06
194,24,6.36E-05
1,25,1.53E-05
2,25,0.09949174
3,25,-4.18E-06
4,25,0.03309293
5,25,1.95E-05
6,25,0.001647537
7,25,1.47E-07
8,25,1.23E-05
9,25,5.49E-06
10,25,5.49E-06
11,25,-1.04E-06
12,25,0.006889802
13,25,3.33E-05
14,25,0.001987014
15,25,0.004619778
16,25,1.44E-05
17,25,1.12E-05
18,25,3.65E-05
19,25,-0.058759511
20,25,9.42E-06
21,25,2.08E-06
22,25,3.91E-05
23,25,4.97E-07
24,25,2.28E-05
25,25,2.95E-05
26,25,0.020674688
27,25,-1.72E-05
28,25,0.015954498
29,25,6.22E-06
30,25,2.40E-05
31,25,0.738038775
32,25,0.891260792
33,25,0.951176185
34,25,2.29E-04
35,25,-7.02E-07
36,25,0.815318376
37,25,1.51E-06
38,25,0.001761989
39,25,2.33E-05
40,25,1.31E-05
41,25,1.95E-04
42,25,1.49E-05
43,25,-7.81E-07
44,25,1.45E-05
45,25,0.039771093
46,25,0.005430149
47,25,0.011311659
48,25,5.50E-06
49,25,0.005195649
50,25,0.002908544
51,25,-2.54E-07
52,25,0.007621369
53,25,2.00E-05
54,25,5.41E-05
55,25,1.42E-05
56,25,0.030469052
57,25,0.002389803
58,25,1.53E-05
59,25,1.79E-06
60,25,0.026154229
61,25,1.44E-06
62,25,0.00401621
63,25,-1.22E-06
64,25,0.037837421
65,25,0.011004253
66,25,0.014332263
67,25,3.16E-05
68,25,2.02E-05
69,25,6.12E-06
70,25,3.18E-05
71,25,-3.18E-07
72,25,0.004399499
73,25,2.92E-05
74,25,1.01E-05
75,25,4.98E-05
76,25,0.00893336
77,25,-5.31E-07
78,25,1.49E-05
79,25,5.22E-05
80,25,0.07462728
81,25,2.14E-05
82,25,0.133586932
83,25,2.30E-06
84,25,0.006276722
85,25,1.32E-06
86,25,2.55E-04
87,25,6.02E-06
88,25,0.003492023
89,25,1.44E-05
90,25,1.36E-05
91,25,1.87E-06
92,25,0.032877307
93,25,0.004828461
94,25,2.38E-05
95,25,2.27E-07
96,25,2.16E-05
97,25,6.45E-06
98,25,3.58E-04
99,25,1.03E-06
100,25,3.59E-05
101,25,2.23E-05
102,25,0.001178158
103,25,-8.36E-06
104,25,0.001116213
105,25,8.08E-06
106,25,2.11E-05
107,25,3.62E-04
108,25,4.33E-05
109,25,-6.51E-06
110,25,0.00225349
111,25,1.05E-04
112,25,0.033771824
113,25,4.18E-05
114,25,1.43E-05
115,25,2.46E-06
116,25,2.94E-05
117,25,1.84E-05
118,25,1.23E-04
119,25,-3.89E-07
120,25,7.04E-05
121,25,0.002783715
122,25,1.71E-05
123,25,4.53E-06
124,25,1.05E-04
125,25,3.55E-04
126,25,0.005845261
127,25,6.26E-06
128,25,1.64E-05
129,25,1.73E-05
130,25,1.02E-05
131,25,5.25E-06
132,25,1.38E-05
133,25,-2.39E-07
134,25,5.80E-05
135,25,1.91E-05
136,25,1.49E-05
137,25,9.86E-06
138,25,0.005715985
139,25,2.70E-06
140,25,0.00106594
141,25,-5.95E-07
142,25,3.86E-05
143,25,0.002166621
144,25,0.004081345
145,25,7.88E-06
146,25,1.30E-05
147,25,-1.40E-06
148,25,1.64E-05
149,25,7.10E-05
150,25,8.14E-04
151,25,6.31E-07
152,25,3.72E-04
153,25,1.31E-05
154,25,0.001043591
155,25,0.011982629
156,25,0.001882462
157,25,0.085996785
158,25,7.45E-05
159,25,2.01E-05
160,25,0.038989121
161,25,6.40E-05
162,25,3.58E-05
163,25,2.48E-06
164,25,0.00226895
165,25,1.56E-05
166,25,1.05E-05
167,25,2.43E-05
168,25,4.23E-05
169,25,3.79E-06
170,25,2.10E-05
171,25,8.11E-06
172,25,4.00E-05
173,25,2.88E-06
174,25,4.31E-05
175,25,-2.61E-06
176,25,1.45E-05
177,25,4.22E-05
178,25,2.43E-05
179,25,2.78E-05
180,25,0.001793599
181,25,1.31E-05
182,25,4.89E-05
183,25,6.97E-06
184,25,2.27E-05
185,25,1.27E-05
186,25,0.021907316
187,25,-0.113187543
188,25,3.69E-04
189,25,-1.53E-06
190,25,0.001026348
191,25,-1.78E-07
192,25,1.76E-04
193,25,3.79E-06
194,25,0.016243523
1,26,0.008878628
2,26,6.00E-05
3,26,2.69E-04
4,26,0.028785877
5,26,-1.30E-06
6,26,0.007397437
7,26,2.16E-06
8,26,0.002798789
9,26,3.43E-06
10,26,3.43E-06
11,26,1.71E-06
12,26,1.16E-05
13,26,3.24E-05
14,26,3.73E-05
15,26,5.38E-07
16,26,2.44E-05
17,26,8.57E-05
18,26,1.76E-05
19,26,0.006195074
20,26,3.23E-05
21,26,-4.25E-07
22,26,0.474444333
23,26,0.696590963
24,26,0.036561187
25,26,2.74E-05
26,26,2.83E-05
27,26,-4.07E-06
28,26,2.93E-05
29,26,1.55E-06
30,26,0.007387251
31,26,7.32E-07
32,26,8.17E-06
33,26,2.55E-05
34,26,4.03E-05
35,26,-5.42E-07
36,26,2.66E-05
37,26,-2.01E-06
38,26,1.09E-04
39,26,1.19E-05
40,26,3.26E-05
41,26,0.006700395
42,26,3.08E-05
43,26,1.09E-06
44,26,5.42E-05
45,26,9.97E-07
46,26,5.39E-05
47,26,1.08E-06
48,26,4.25E-05
49,26,1.44E-05
50,26,3.56E-05
51,26,2.13E-06
52,26,6.48E-05
53,26,-6.43E-06
54,26,2.90E-05
55,26,6.53E-07
56,26,6.50E-05
57,26,0.003433912
58,26,6.46E-06
59,26,9.38E-07
60,26,3.85E-04
61,26,1.61E-06
62,26,1.19E-05
63,26,-1.06E-06
64,26,1.95E-05
65,26,1.81E-05
66,26,1.20E-05
67,26,1.54E-06
68,26,0.004430168
69,26,1.49E-06
70,26,1.37E-05
71,26,-5.43E-05
72,26,1.68E-04
73,26,1.77E-05
74,26,2.49E-05
75,26,9.96E-06
76,26,7.79E-05
77,26,-1.86E-07
78,26,5.43E-05
79,26,-1.35E-06
80,26,2.04E-05
81,26,3.53E-05
82,26,1.09E-04
83,26,-1.83E-07
84,26,2.07E-05
85,26,8.38E-06
86,26,0.114008567
87,26,-3.98E-07
88,26,1.99E-04
89,26,3.91E-05
90,26,0.003330825
91,26,-2.31E-06
92,26,1.46E-04
93,26,-3.96E-05
94,26,0.013284774
95,26,-5.21E-06
96,26,2.59E-05
97,26,2.89E-05
98,26,1.35E-05
99,26,-4.37E-07
100,26,4.44E-04
101,26,-0.044256602
102,26,2.59E-05
103,26,-1.37E-07
104,26,1.59E-05
105,26,1.63E-05
106,26,4.92E-05
107,26,2.90E-06
108,26,8.29E-06
109,26,-1.67E-06
110,26,7.32E-06
111,26,5.37E-05
112,26,1.20E-05
113,26,3.19E-05
114,26,1.54E-05
115,26,1.23E-06
116,26,0.023209377
117,26,0.173869812
118,26,8.00E-04
119,26,-6.11E-08
120,26,4.59E-05
121,26,2.24E-05
122,26,8.34E-06
123,26,2.23E-06
124,26,5.37E-05
125,26,4.46E-06
126,26,4.49E-05
127,26,1.67E-06
128,26,9.63E-06
129,26,1.32E-05
130,26,4.40E-05
131,26,0.73427673
132,26,0.011431778
133,26,7.56E-06
134,26,8.53E-06
135,26,5.58E-06
136,26,1.80E-05
137,26,0.038412424
138,26,0.079696873
139,26,1.08E-06
140,26,9.25E-06
141,26,2.11E-06
142,26,6.82E-06
143,26,1.50E-06
144,26,0.006502017
145,26,1.10E-05
146,26,1.28E-05
147,26,-1.78E-06
148,26,0.014694364
149,26,-1.17E-05
150,26,5.19E-05
151,26,3.71E-06
152,26,1.11E-05
153,26,0.052720461
154,26,0.092979836
155,26,2.19E-07
156,26,5.03E-06
157,26,3.26E-06
158,26,4.45E-05
159,26,2.38E-05
160,26,3.29E-04
161,26,1.32E-05
162,26,2.67E-05
163,26,5.41E-07
164,26,4.58E-05
165,26,4.74E-06
166,26,1.47E-05
167,26,0.026094258
168,26,0.026007915
169,26,4.26E-06
170,26,0.004939317
171,26,0.077457138
172,26,3.90E-05
173,26,2.16E-06
174,26,0.003408922
175,26,-7.03E-07
176,26,4.77E-05
177,26,0.01976461
178,26,0.026094258
179,26,1.19E-05
180,26,0.57503267
181,26,9.78E-06
182,26,8.06E-05
183,26,2.89E-05
184,26,0.01615796
185,26,2.80E-05
186,26,0.001768765
187,26,5.14E-06
188,26,0.001873637
189,26,0.737075095
190,26,0.775227432
191,26,5.20E-06
192,26,2.32E-05
193,26,4.26E-06
194,26,0.039141321
1,27,3.06E-05
2,27,9.14E-06
3,27,2.06E-05
4,27,3.31E-05
5,27,2.23E-07
6,27,1.82E-05
7,27,1.15E-06
8,27,7.34E-05
9,27,3.68E-06
10,27,3.68E-06
11,27,6.11E-07
12,27,9.12E-06
13,27,4.50347808
14,27,0.581985661
15,27,-1.60E-06
16,27,2.25E-05
17,27,7.18E-05
18,27,0.002537268
19,27,4.52E-06
20,27,1.56E-04
21,27,-9.12E-07
22,27,0.006040129
23,27,3.08E-05
24,27,1.33E-05
25,27,2.88E-05
26,27,2.53E-05
27,27,1.75E-06
28,27,0.007261206
29,27,2.42E-06
30,27,1.67E-05
31,27,2.36E-06
32,27,1.04E-05
33,27,2.76E-05
34,27,1.69E-05
35,27,-1.76E-06
36,27,1.00E-05
37,27,1.39E-06
38,27,1.74E-05
39,27,7.20E-06
40,27,0.004042499
41,27,9.43E-06
42,27,0.002770648
43,27,8.70E-07
44,27,1.67E-05
45,27,-3.34E-08
46,27,0.011555928
47,27,-1.29E-06
48,27,0.005346867
49,27,8.19E-04
50,27,0.868927917
51,27,-1.07E-06
52,27,0.003966291
53,27,0.729011306
54,27,0.024043792
55,27,-9.34E-07
56,27,8.28E-05
57,27,8.22E-05
58,27,2.12E-05
59,27,5.67E-06
60,27,1.96E-04
61,27,1.40E-06
62,27,0.001724393
63,27,-7.33E-07
64,27,0.082004125
65,27,1.24E-05
66,27,9.81E-06
67,27,7.64E-06
68,27,3.87E-05
69,27,9.49E-07
70,27,2.48E-05
71,27,3.81E-06
72,27,2.36E-05
73,27,3.12E-05
74,27,1.55E-05
75,27,1.17E-05
76,27,0.018753194
77,27,-1.46E-07
78,27,1.49E-05
79,27,0.043792867
80,27,2.30E-04
81,27,5.88E-06
82,27,9.83E-06
83,27,8.96E-07
84,27,0.005595707
85,27,2.82E-06
86,27,3.76E-05
87,27,0.026093718
88,27,3.46E-04
89,27,4.08E-05
90,27,1.50E-05
91,27,1.05E-07
92,27,0.006966274
93,27,9.37E-05
94,27,0.012506059
95,27,8.10E-04
96,27,8.85E-06
97,27,2.94E-05
98,27,0.003400323
99,27,1.39E-06
100,27,6.42E-06
101,27,5.35E-06
102,27,1.93E-05
103,27,2.86E-06
104,27,2.13E-05
105,27,1.13E-05
106,27,4.96E-04
107,27,6.83E-05
108,27,7.46E-06
109,27,0.981046217
110,27,0.062536763
111,27,6.80E-06
112,27,1.08E-05
113,27,1.27E-05
114,27,1.06E-05
115,27,1.36E-06
116,27,0.005640026
117,27,2.68E-06
118,27,3.09E-05
119,27,1.11E-06
120,27,5.35E-05
121,27,0.003180796
122,27,5.28E-06
123,27,1.03E-06
124,27,6.80E-06
125,27,3.06E-06
126,27,9.90E-05
127,27,1.05E-06
128,27,0.002560228
129,27,2.36E-05
130,27,1.18E-04
131,27,2.18E-06
132,27,5.51E-05
133,27,5.68E-06
134,27,4.00E-06
135,27,2.22E-07
136,27,6.20E-06
137,27,0.033519564
138,27,0.028525699
139,27,0.983371283
140,27,1.85E-04
141,27,2.93E-07
142,27,0.007034711
143,27,1.26E-06
144,27,2.53E-05
145,27,8.58E-05
146,27,1.19E-05
147,27,-2.21E-06
148,27,0.00614851
149,27,4.76E-07
150,27,2.11E-05
151,27,-3.52E-06
152,27,0.001868149
153,27,2.97E-05
154,27,1.65E-05
155,27,0.032920084
156,27,6.40E-06
157,27,4.00E-07
158,27,6.05E-05
159,27,8.84E-06
160,27,8.68E-06
161,27,0.011606164
162,27,0.00708761
163,27,0.983754382
164,27,0.879214265
165,27,2.44E-05
166,27,0.005512519
167,27,7.87E-06
168,27,0.00927038
169,27,1.88E-06
170,27,1.87E-05
171,27,7.30E-06
172,27,1.77E-05
173,27,7.00E-06
174,27,0.007410755
175,27,0.978373517
176,27,0.006683088
177,27,3.88E-05
178,27,7.87E-06
179,27,9.01E-05
180,27,3.09E-05
181,27,1.70E-05
182,27,0.012858986
183,27,1.53E-05
184,27,1.50E-04
185,27,0.001858185
186,27,0.016649328
187,27,2.17E-05
188,27,2.12E-05
189,27,5.84E-07
190,27,5.15E-05
191,27,7.08E-07
192,27,0.003040105
193,27,1.88E-06
194,27,1.61E-05
1,28,0.007686078
2,28,0.057676808
3,28,0.10302293
4,28,0.006085463
5,28,4.26E-07
6,28,7.96E-05
7,28,1.95E-06
8,28,6.76E-05
9,28,4.19E-06
10,28,4.19E-06
11,28,4.97E-07
12,28,9.05E-05
13,28,2.77E-06
14,28,0.024129504
15,28,3.77E-06
16,28,1.55E-05
17,28,0.091167595
18,28,0.021139194
19,28,6.14E-06
20,28,0.019755501
21,28,-4.28E-07
22,28,0.055098323
23,28,0.100591806
24,28,0.594999538
25,28,0.024455983
26,28,3.24E-05
27,28,6.03E-06
28,28,1.76E-05
29,28,6.26E-06
30,28,5.49E-05
31,28,3.63E-06
32,28,9.78E-06
33,28,1.84E-05
34,28,0.130287523
35,28,-3.14E-06
36,28,7.94E-06
37,28,0.998336954
38,28,0.032618591
39,28,2.47E-04
40,28,0.001272294
41,28,2.39E-05
42,28,0.015750604
43,28,4.62E-07
44,28,0.062332077
45,28,3.69E-06
46,28,2.31E-05
47,28,0.066124482
48,28,5.59E-04
49,28,0.841150359
50,28,5.96E-05
51,28,1.91E-07
52,28,5.46E-05
53,28,1.10E-05
54,28,2.88E-05
55,28,1.13E-05
56,28,0.118830842
57,28,1.78E-05
58,28,1.78E-05
59,28,1.69E-06
60,28,3.48E-04
61,28,2.09E-06
62,28,3.27E-05
63,28,-8.24E-07
64,28,0.001324426
65,28,0.002229756
66,28,5.28E-05
67,28,0.996009366
68,28,0.312179642
69,28,5.83E-06
70,28,6.32E-05
71,28,0.005347682
72,28,4.10E-05
73,28,0.045857249
74,28,1.93E-05
75,28,1.71E-04
76,28,2.29E-04
77,28,-2.25E-07
78,28,0.086888955
79,28,1.77E-05
80,28,1.65E-05
81,28,2.00E-05
82,28,1.13E-05
83,28,7.59E-07
84,28,6.91E-05
85,28,0.156458371
86,28,0.153262283
87,28,-3.61E-07
88,28,0.001478901
89,28,3.55E-05
90,28,2.39E-05
91,28,1.10E-07
92,28,0.032313653
93,28,-7.80E-06
94,28,0.172952261
95,28,0.008991846
96,28,0.018243296
97,28,0.042795986
98,28,0.718112379
99,28,2.19E-06
100,28,0.088738786
101,28,-1.42E-05
102,28,0.068926715
103,28,1.87E-05
104,28,5.56E-05
105,28,3.41E-05
106,28,5.96E-05
107,28,1.31E-05
108,28,3.27E-05
109,28,-3.08E-07
110,28,0.006132802
111,28,0.003122811
112,28,2.30E-05
113,28,0.042413973
114,28,1.87E-05
115,28,5.29E-06
116,28,1.93E-05
117,28,4.98E-06
118,28,0.012451763
119,28,-1.34E-06
120,28,3.14E-05
121,28,1.93E-05
122,28,1.75E-05
123,28,8.93E-06
124,28,0.003122811
125,28,7.96E-06
126,28,1.52E-05
127,28,2.59E-06
128,28,2.95E-05
129,28,2.72E-05
130,28,0.001477295
131,28,-0.039865966
132,28,0.942949002
133,28,8.16E-06
134,28,1.94E-05
135,28,4.67E-07
136,28,0.008745287
137,28,1.42E-05
138,28,0.017109313
139,28,-1.97E-07
140,28,0.004449019
141,28,6.52E-07
142,28,1.47E-05
143,28,0.091767292
144,28,4.55E-05
145,28,0.075439816
146,28,0.010001962
147,28,2.65E-08
148,28,7.12E-05
149,28,1.36E-05
150,28,0.085811452
151,28,1.55E-05
152,28,1.11E-04
153,28,0.019368131
154,28,1.82E-04
155,28,-4.34E-07
156,28,3.26E-05
157,28,1.45E-06
158,28,7.74E-05
159,28,1.43E-05
160,28,3.13E-05
161,28,5.82E-05
162,28,0.019046661
163,28,2.55E-07
164,28,9.38E-05
165,28,5.24E-06
166,28,5.06E-05
167,28,0.009312893
168,28,0.031440879
169,28,6.07E-06
170,28,1.57E-04
171,28,7.73E-06
172,28,3.91E-04
173,28,4.06E-06
174,28,5.12E-05
175,28,-1.65E-06
176,28,2.87E-04
177,28,0.064405428
178,28,0.009312893
179,28,1.98E-05
180,28,5.57E-05
181,28,2.82E-05
182,28,1.62E-04
183,28,5.28E-07
184,28,1.13E-05
185,28,1.54E-05
186,28,0.024614375
187,28,1.41E-05
188,28,0.043810064
189,28,-1.02E-07
190,28,2.51E-05
191,28,1.93E-06
192,28,3.11E-05
193,28,6.07E-06
194,28,0.00391538
1,29,0.039699773
2,29,3.63E-04
3,29,-1.68E-05
4,29,7.54E-05
5,29,5.36E-06
6,29,7.96E-06
7,29,4.71E-06
8,29,0.078732552
9,29,3.82E-06
10,29,3.82E-06
11,29,-1.61E-06
12,29,1.12E-05
13,29,1.30E-06
14,29,0.036959896
15,29,2.91E-06
16,29,8.16E-06
17,29,4.96E-05
18,29,1.95E-05
19,29,0.054559974
20,29,0.022086141
21,29,3.27E-07
22,29,3.17E-05
23,29,-1.09E-04
24,29,2.44E-05
25,29,0.011510741
26,29,0.004327513
27,29,0.099486784
28,29,2.65E-05
29,29,1.22E-06
30,29,0.130775281
31,29,1.73E-06
32,29,1.63E-05
33,29,3.03E-05
34,29,0.001185932
35,29,-0.017202512
36,29,8.48E-06
37,29,1.01E-05
38,29,0.007563979
39,29,0.004353712
40,29,6.08E-05
41,29,4.85E-05
42,29,7.21E-05
43,29,1.90E-06
44,29,6.24E-05
45,29,2.32E-06
46,29,2.08E-05
47,29,0.003336088
48,29,2.86E-04
49,29,1.46E-05
50,29,1.52E-05
51,29,1.23E-06
52,29,2.58E-05
53,29,4.46E-07
54,29,8.74E-05
55,29,-2.17E-07
56,29,4.55E-05
57,29,1.80E-05
58,29,1.45E-05
59,29,2.66E-06
60,29,0.004554185
61,29,0.679644687
62,29,7.05E-05
63,29,-1.22E-06
64,29,1.48E-04
65,29,2.16E-04
66,29,7.94E-04
67,29,1.51E-06
68,29,1.04E-05
69,29,1.17E-06
70,29,1.44E-05
71,29,-6.09E-06
72,29,3.07E-05
73,29,1.71E-04
74,29,0.001136513
75,29,-0.001020752
76,29,3.06E-05
77,29,2.84E-07
78,29,0.022034067
79,29,2.49E-06
80,29,8.48E-06
81,29,0.001420685
82,29,7.78E-06
83,29,9.32E-07
84,29,1.08E-05
85,29,2.43E-06
86,29,3.21E-04
87,29,-4.47E-07
88,29,0.059014173
89,29,0.541264098
90,29,0.471195383
91,29,1.16E-05
92,29,0.013102095
93,29,7.69E-07
94,29,0.008454299
95,29,-1.58E-05
96,29,8.98E-06
97,29,0.005236282
98,29,7.73E-06
99,29,0.734561132
100,29,1.19E-05
101,29,0.477270242
102,29,2.63E-05
103,29,3.10E-06
104,29,5.65E-05
105,29,8.12E-04
106,29,5.54E-06
107,29,0.112813955
108,29,1.47E-04
109,29,0.018778241
110,29,0.534069058
111,29,2.02E-05
112,29,2.57E-05
113,29,8.09E-04
114,29,1.93E-05
115,29,4.10E-06
116,29,0.004169289
117,29,1.99E-06
118,29,1.61E-05
119,29,-1.00E-06
120,29,4.31E-05
121,29,3.32E-04
122,29,7.61E-06
123,29,2.21E-06
124,29,2.02E-05
125,29,2.34E-06
126,29,1.36E-04
127,29,4.35E-07
128,29,1.95E-05
129,29,3.87E-05
130,29,5.20E-06
131,29,1.15E-05
132,29,2.60E-05
133,29,1.09E-05
134,29,8.78E-06
135,29,2.29E-07
136,29,3.83E-05
137,29,0.002233221
138,29,0.024440492
139,29,-2.85E-07
140,29,2.27E-05
141,29,-4.86E-08
142,29,1.46E-05
143,29,3.55E-06
144,29,2.42E-05
145,29,6.82E-05
146,29,1.62E-05
147,29,-5.36E-07
148,29,3.88E-05
149,29,1.01E-05
150,29,1.67E-05
151,29,-3.05E-06
152,29,2.01E-05
153,29,0.003792068
154,29,1.18E-05
155,29,1.49E-06
156,29,1.03E-05
157,29,4.18E-06
158,29,1.56E-05
159,29,1.16E-05
160,29,2.06E-04
161,29,0.011050863
162,29,2.32E-05
163,29,5.62E-07
164,29,0.004391147
165,29,-0.951126841
166,29,0.935453078
167,29,6.80E-05
168,29,3.13E-05
169,29,2.71E-06
170,29,1.67E-05
171,29,1.66E-05
172,29,0.012335834
173,29,5.48E-08
174,29,0.005966788
175,29,-1.00E-07
176,29,0.905599439
177,29,1.68E-05
178,29,6.80E-05
179,29,0.001268962
180,29,2.69E-05
181,29,1.07E-05
182,29,0.01509293
183,29,5.76E-06
184,29,1.06E-05
185,29,0.02666253
186,29,1.45E-05
187,29,-1.25E-05
188,29,1.79E-05
189,29,-5.56E-06
190,29,0.021527274
191,29,3.29E-07
192,29,3.74E-05
193,29,2.71E-06
194,29,0.091106902
1,30,1.78E-05
2,30,0.199075728
3,30,-0.286572343
4,30,1.89E-05
5,30,1.87E-06
6,30,1.28E-05
7,30,1.85E-06
8,30,0.038997669
9,30,3.57E-06
10,30,3.57E-06
11,30,5.10E-06
12,30,6.81E-06
13,30,2.78E-06
14,30,0.014999924
15,30,-2.57E-07
16,30,0.70736002
17,30,0.040348276
18,30,0.001044413
19,30,0.004810704
20,30,1.84E-05
21,30,-2.44E-07
22,30,2.44E-05
23,30,0.009430143
24,30,1.78E-05
25,30,4.19E-04
26,30,0.001971483
27,30,-4.89E-06
28,30,9.00E-06
29,30,6.84E-06
30,30,6.59E-05
31,30,1.36E-06
32,30,5.25E-04
33,30,3.04E-05
34,30,0.001499411
35,30,-1.97E-06
36,30,6.77E-06
37,30,-8.91E-07
38,30,3.08E-05
39,30,4.07E-05
40,30,1.33E-05
41,30,5.56E-05
42,30,1.17E-04
43,30,9.19E-06
44,30,0.009198965
45,30,3.82E-06
46,30,0.014083737
47,30,-0.002607559
48,30,0.098043294
49,30,1.50E-05
50,30,0.006993567
51,30,5.66E-08
52,30,2.31E-05
53,30,0.14624341
54,30,2.27E-04
55,30,1.71E-06
56,30,5.04E-05
57,30,2.73E-05
58,30,5.77E-06
59,30,1.27E-06
60,30,0.00153266
61,30,3.51E-06
62,30,1.23E-05
63,30,-1.36E-06
64,30,1.95E-05
65,30,2.35E-05
66,30,6.64E-05
67,30,0.001128201
68,30,0.040015567
69,30,-2.69E-07
70,30,6.80E-05
71,30,8.18E-05
72,30,0.004393532
73,30,2.32E-04
74,30,1.78E-05
75,30,0.165852149
76,30,0.005533999
77,30,-1.44E-07
78,30,1.70E-05
79,30,-8.15E-04
80,30,9.22E-06
81,30,7.19E-06
82,30,1.25E-05
83,30,8.73E-07
84,30,8.61E-06
85,30,1.86E-05
86,30,4.77E-04
87,30,0.916145319
88,30,0.114844526
89,30,8.90E-04
90,30,1.45E-05
91,30,2.27E-06
92,30,6.38E-05
93,30,3.15E-04
94,30,0.008637425
95,30,3.45E-05
96,30,8.37E-06
97,30,6.11E-05
98,30,3.15E-05
99,30,1.43E-06
100,30,1.76E-05
101,30,0.004848439
102,30,4.44E-05
103,30,-0.004213851
104,30,5.94E-05
105,30,2.77E-05
106,30,1.19E-05
107,30,0.03201131
108,30,1.60E-05
109,30,-1.59E-06
110,30,0.001949157
111,30,6.22E-06
112,30,1.43E-05
113,30,3.20E-05
114,30,1.60E-05
115,30,1.02E-06
116,30,1.34E-05
117,30,2.51E-06
118,30,1.61E-05
119,30,0.807122932
120,30,2.69E-05
121,30,1.53E-05
122,30,1.72E-05
123,30,1.57E-06
124,30,6.22E-06
125,30,3.47E-06
126,30,1.40E-04
127,30,5.58E-06
128,30,0.013564385
129,30,2.35E-05
130,30,4.72E-06
131,30,1.64E-05
132,30,2.15E-05
133,30,1.04E-06
134,30,1.15E-05
135,30,2.64E-06
136,30,0.020169967
137,30,1.78E-05
138,30,6.46E-05
139,30,1.04E-06
140,30,0.015059486
141,30,-5.65E-07
142,30,1.31E-04
143,30,0.117648976
144,30,6.75E-05
145,30,1.92E-04
146,30,1.49E-05
147,30,-1.32E-06
148,30,0.008285497
149,30,0.166804828
150,30,6.00E-05
151,30,0.903765712
152,30,0.551090177
153,30,1.88E-05
154,30,2.08E-05
155,30,3.70E-06
156,30,7.84E-06
157,30,6.51E-06
158,30,2.28E-05
159,30,1.14E-05
160,30,0.002372375
161,30,0.19565347
162,30,1.56E-05
163,30,1.23E-07
164,30,9.84E-05
165,30,0.007382501
166,30,2.29E-05
167,30,1.18E-05
168,30,1.66E-05
169,30,2.46E-06
170,30,2.05E-04
171,30,3.04E-06
172,30,1.33E-05
173,30,0.754353726
174,30,0.774444398
175,30,-1.81E-06
176,30,4.99E-05
177,30,1.20E-05
178,30,1.18E-05
179,30,-0.432547644
180,30,0.007533493
181,30,0.011245987
182,30,2.08E-05
183,30,5.26E-06
184,30,0.001304865
185,30,1.15E-05
186,30,1.35E-04
187,30,0.087323824
188,30,7.01E-04
189,30,3.73E-06
190,30,0.006519488
191,30,5.29E-05
192,30,0.00170605
193,30,2.46E-06
194,30,1.45E-05
